// <auto-generated>
//   By tools/generate-shaping-tables.py from Unicode 18.0.0 (IndicSyllabicCategory,
//   IndicPositionalCategory, ArabicShaping, DerivedCoreProperties, UnicodeData, Blocks, Scripts,
//   PropertyValueAliases, DerivedNormalizationProps), HarfBuzz's ms-use files and hb-ot-shaper.hh, and CLDR's
//   scriptMetadata. Do not edit: rerun the generator.
// </auto-generated>
namespace UnityGameTranslator.Core.TextShaping
{
    internal static class ShapingTables
    {
        internal const string UnicodeVersion = "18.0.0";

        /// <summary>Combining class of every combining mark, HarfBuzz-modified — flattened (code point, class), sorted.</summary>
        internal static readonly int[] CombiningClasses =
        {
            0x0300, 230, 0x0301, 230, 0x0302, 230, 0x0303, 230, 0x0304, 230, 0x0305, 230, 0x0306, 230, 0x0307, 230,
            0x0308, 230, 0x0309, 230, 0x030A, 230, 0x030B, 230, 0x030C, 230, 0x030D, 230, 0x030E, 230, 0x030F, 230,
            0x0310, 230, 0x0311, 230, 0x0312, 230, 0x0313, 230, 0x0314, 230, 0x0315, 232, 0x0316, 220, 0x0317, 220,
            0x0318, 220, 0x0319, 220, 0x031A, 232, 0x031B, 216, 0x031C, 220, 0x031D, 220, 0x031E, 220, 0x031F, 220,
            0x0320, 220, 0x0321, 202, 0x0322, 202, 0x0323, 220, 0x0324, 220, 0x0325, 220, 0x0326, 220, 0x0327, 202,
            0x0328, 202, 0x0329, 220, 0x032A, 220, 0x032B, 220, 0x032C, 220, 0x032D, 220, 0x032E, 220, 0x032F, 220,
            0x0330, 220, 0x0331, 220, 0x0332, 220, 0x0333, 220, 0x0334, 1, 0x0335, 1, 0x0336, 1, 0x0337, 1,
            0x0338, 1, 0x0339, 220, 0x033A, 220, 0x033B, 220, 0x033C, 220, 0x033D, 230, 0x033E, 230, 0x033F, 230,
            0x0340, 230, 0x0341, 230, 0x0342, 230, 0x0343, 230, 0x0344, 230, 0x0345, 240, 0x0346, 230, 0x0347, 220,
            0x0348, 220, 0x0349, 220, 0x034A, 230, 0x034B, 230, 0x034C, 230, 0x034D, 220, 0x034E, 220, 0x0350, 230,
            0x0351, 230, 0x0352, 230, 0x0353, 220, 0x0354, 220, 0x0355, 220, 0x0356, 220, 0x0357, 230, 0x0358, 232,
            0x0359, 220, 0x035A, 220, 0x035B, 230, 0x035C, 233, 0x035D, 234, 0x035E, 234, 0x035F, 233, 0x0360, 234,
            0x0361, 234, 0x0362, 233, 0x0363, 230, 0x0364, 230, 0x0365, 230, 0x0366, 230, 0x0367, 230, 0x0368, 230,
            0x0369, 230, 0x036A, 230, 0x036B, 230, 0x036C, 230, 0x036D, 230, 0x036E, 230, 0x036F, 230, 0x0483, 230,
            0x0484, 230, 0x0485, 230, 0x0486, 230, 0x0487, 230, 0x0591, 220, 0x0592, 230, 0x0593, 230, 0x0594, 230,
            0x0595, 230, 0x0596, 220, 0x0597, 230, 0x0598, 230, 0x0599, 230, 0x059A, 222, 0x059B, 220, 0x059C, 230,
            0x059D, 230, 0x059E, 230, 0x059F, 230, 0x05A0, 230, 0x05A1, 230, 0x05A2, 220, 0x05A3, 220, 0x05A4, 220,
            0x05A5, 220, 0x05A6, 220, 0x05A7, 220, 0x05A8, 230, 0x05A9, 230, 0x05AA, 220, 0x05AB, 230, 0x05AC, 230,
            0x05AD, 222, 0x05AE, 228, 0x05AF, 230, 0x05B0, 22, 0x05B1, 15, 0x05B2, 16, 0x05B3, 17, 0x05B4, 23,
            0x05B5, 18, 0x05B6, 19, 0x05B7, 20, 0x05B8, 21, 0x05B9, 14, 0x05BA, 14, 0x05BB, 24, 0x05BC, 12,
            0x05BD, 25, 0x05BF, 13, 0x05C1, 10, 0x05C2, 11, 0x05C4, 230, 0x05C5, 220, 0x05C7, 21, 0x05C8, 22,
            0x05C9, 12, 0x0610, 230, 0x0611, 230, 0x0612, 230, 0x0613, 230, 0x0614, 230, 0x0615, 230, 0x0616, 230,
            0x0617, 230, 0x0618, 31, 0x0619, 32, 0x061A, 33, 0x064B, 28, 0x064C, 29, 0x064D, 30, 0x064E, 31,
            0x064F, 32, 0x0650, 33, 0x0651, 27, 0x0652, 34, 0x0653, 230, 0x0654, 230, 0x0655, 220, 0x0656, 220,
            0x0657, 230, 0x0658, 230, 0x0659, 230, 0x065A, 230, 0x065B, 230, 0x065C, 220, 0x065D, 230, 0x065E, 230,
            0x065F, 220, 0x0670, 35, 0x06D6, 230, 0x06D7, 230, 0x06D8, 230, 0x06D9, 230, 0x06DA, 230, 0x06DB, 230,
            0x06DC, 230, 0x06DF, 230, 0x06E0, 230, 0x06E1, 230, 0x06E2, 230, 0x06E3, 220, 0x06E4, 230, 0x06E7, 230,
            0x06E8, 230, 0x06EA, 220, 0x06EB, 230, 0x06EC, 230, 0x06ED, 220, 0x0711, 36, 0x0730, 230, 0x0731, 220,
            0x0732, 230, 0x0733, 230, 0x0734, 220, 0x0735, 230, 0x0736, 230, 0x0737, 220, 0x0738, 220, 0x0739, 220,
            0x073A, 230, 0x073B, 220, 0x073C, 220, 0x073D, 230, 0x073E, 220, 0x073F, 230, 0x0740, 230, 0x0741, 230,
            0x0742, 220, 0x0743, 230, 0x0744, 220, 0x0745, 230, 0x0746, 220, 0x0747, 230, 0x0748, 220, 0x0749, 230,
            0x074A, 230, 0x07EB, 230, 0x07EC, 230, 0x07ED, 230, 0x07EE, 230, 0x07EF, 230, 0x07F0, 230, 0x07F1, 230,
            0x07F2, 220, 0x07F3, 230, 0x07FD, 220, 0x0816, 230, 0x0817, 230, 0x0818, 230, 0x0819, 230, 0x081B, 230,
            0x081C, 230, 0x081D, 230, 0x081E, 230, 0x081F, 230, 0x0820, 230, 0x0821, 230, 0x0822, 230, 0x0823, 230,
            0x0825, 230, 0x0826, 230, 0x0827, 230, 0x0829, 230, 0x082A, 230, 0x082B, 230, 0x082C, 230, 0x082D, 230,
            0x0859, 220, 0x085A, 220, 0x085B, 220, 0x0897, 230, 0x0898, 230, 0x0899, 220, 0x089A, 220, 0x089B, 220,
            0x089C, 230, 0x089D, 230, 0x089E, 230, 0x089F, 230, 0x08CA, 230, 0x08CB, 230, 0x08CC, 230, 0x08CD, 230,
            0x08CE, 230, 0x08CF, 220, 0x08D0, 220, 0x08D1, 220, 0x08D2, 220, 0x08D3, 220, 0x08D4, 230, 0x08D5, 230,
            0x08D6, 230, 0x08D7, 230, 0x08D8, 230, 0x08D9, 230, 0x08DA, 230, 0x08DB, 230, 0x08DC, 230, 0x08DD, 230,
            0x08DE, 230, 0x08DF, 230, 0x08E0, 230, 0x08E1, 230, 0x08E3, 220, 0x08E4, 230, 0x08E5, 230, 0x08E6, 220,
            0x08E7, 230, 0x08E8, 230, 0x08E9, 220, 0x08EA, 230, 0x08EB, 230, 0x08EC, 230, 0x08ED, 220, 0x08EE, 220,
            0x08EF, 220, 0x08F0, 28, 0x08F1, 29, 0x08F2, 30, 0x08F3, 230, 0x08F4, 230, 0x08F5, 230, 0x08F6, 220,
            0x08F7, 230, 0x08F8, 230, 0x08F9, 220, 0x08FA, 220, 0x08FB, 230, 0x08FC, 230, 0x08FD, 230, 0x08FE, 230,
            0x08FF, 230, 0x093C, 7, 0x094D, 9, 0x0951, 230, 0x0952, 220, 0x0953, 230, 0x0954, 230, 0x09BC, 7,
            0x09CD, 9, 0x09FE, 230, 0x0A3C, 7, 0x0A4D, 9, 0x0ABC, 7, 0x0ACD, 9, 0x0B3C, 7, 0x0B4D, 9,
            0x0BCD, 9, 0x0C3C, 7, 0x0C4D, 9, 0x0C55, 4, 0x0C56, 5, 0x0CBC, 7, 0x0CCD, 9, 0x0D3B, 9,
            0x0D3C, 9, 0x0D4D, 9, 0x0DCA, 9, 0x0E38, 3, 0x0E39, 3, 0x0E3A, 9, 0x0E48, 107, 0x0E49, 107,
            0x0E4A, 107, 0x0E4B, 107, 0x0EB8, 118, 0x0EB9, 118, 0x0EBA, 9, 0x0EC8, 122, 0x0EC9, 122, 0x0ECA, 122,
            0x0ECB, 122, 0x0F18, 220, 0x0F19, 220, 0x0F35, 220, 0x0F37, 220, 0x0F39, 216, 0x0F71, 129, 0x0F72, 132,
            0x0F74, 131, 0x0F7A, 132, 0x0F7B, 132, 0x0F7C, 132, 0x0F7D, 132, 0x0F80, 132, 0x0F82, 230, 0x0F83, 230,
            0x0F84, 9, 0x0F86, 230, 0x0F87, 230, 0x0FC6, 220, 0x1037, 7, 0x1039, 9, 0x103A, 9, 0x108D, 220,
            0x135D, 230, 0x135E, 230, 0x135F, 230, 0x1714, 9, 0x1715, 9, 0x1734, 9, 0x17D2, 9, 0x17DD, 230,
            0x18A9, 228, 0x1939, 222, 0x193A, 230, 0x193B, 220, 0x1A17, 230, 0x1A18, 220, 0x1A60, 9, 0x1A75, 230,
            0x1A76, 230, 0x1A77, 230, 0x1A78, 230, 0x1A79, 230, 0x1A7A, 230, 0x1A7B, 230, 0x1A7C, 230, 0x1A7F, 220,
            0x1AB0, 230, 0x1AB1, 230, 0x1AB2, 230, 0x1AB3, 230, 0x1AB4, 230, 0x1AB5, 220, 0x1AB6, 220, 0x1AB7, 220,
            0x1AB8, 220, 0x1AB9, 220, 0x1ABA, 220, 0x1ABB, 230, 0x1ABC, 230, 0x1ABD, 220, 0x1ABF, 220, 0x1AC0, 220,
            0x1AC1, 230, 0x1AC2, 230, 0x1AC3, 220, 0x1AC4, 220, 0x1AC5, 230, 0x1AC6, 230, 0x1AC7, 230, 0x1AC8, 230,
            0x1AC9, 230, 0x1ACA, 220, 0x1ACB, 230, 0x1ACC, 230, 0x1ACD, 230, 0x1ACE, 230, 0x1ACF, 230, 0x1AD0, 230,
            0x1AD1, 230, 0x1AD2, 230, 0x1AD3, 230, 0x1AD4, 230, 0x1AD5, 230, 0x1AD6, 230, 0x1AD7, 230, 0x1AD8, 230,
            0x1AD9, 230, 0x1ADA, 230, 0x1ADB, 230, 0x1ADC, 230, 0x1ADD, 220, 0x1ADE, 230, 0x1ADF, 230, 0x1AE0, 230,
            0x1AE1, 230, 0x1AE2, 230, 0x1AE3, 230, 0x1AE4, 230, 0x1AE5, 230, 0x1AE6, 220, 0x1AE7, 230, 0x1AE8, 230,
            0x1AE9, 230, 0x1AEA, 230, 0x1AEB, 234, 0x1AEC, 230, 0x1AED, 230, 0x1AEE, 220, 0x1AEF, 220, 0x1AF0, 230,
            0x1B34, 7, 0x1B44, 9, 0x1B6B, 230, 0x1B6C, 220, 0x1B6D, 230, 0x1B6E, 230, 0x1B6F, 230, 0x1B70, 230,
            0x1B71, 230, 0x1B72, 230, 0x1B73, 230, 0x1BAA, 9, 0x1BAB, 9, 0x1BE6, 7, 0x1BF2, 9, 0x1BF3, 9,
            0x1C37, 7, 0x1CD0, 230, 0x1CD1, 230, 0x1CD2, 230, 0x1CD4, 1, 0x1CD5, 220, 0x1CD6, 220, 0x1CD7, 220,
            0x1CD8, 220, 0x1CD9, 220, 0x1CDA, 230, 0x1CDB, 230, 0x1CDC, 220, 0x1CDD, 220, 0x1CDE, 220, 0x1CDF, 220,
            0x1CE0, 230, 0x1CE2, 1, 0x1CE3, 1, 0x1CE4, 1, 0x1CE5, 1, 0x1CE6, 1, 0x1CE7, 1, 0x1CE8, 1,
            0x1CED, 220, 0x1CF4, 230, 0x1CF8, 230, 0x1CF9, 230, 0x1DC0, 230, 0x1DC1, 230, 0x1DC2, 220, 0x1DC3, 230,
            0x1DC4, 230, 0x1DC5, 230, 0x1DC6, 230, 0x1DC7, 230, 0x1DC8, 230, 0x1DC9, 230, 0x1DCA, 220, 0x1DCB, 230,
            0x1DCC, 230, 0x1DCD, 234, 0x1DCE, 214, 0x1DCF, 220, 0x1DD0, 202, 0x1DD1, 230, 0x1DD2, 230, 0x1DD3, 230,
            0x1DD4, 230, 0x1DD5, 230, 0x1DD6, 230, 0x1DD7, 230, 0x1DD8, 230, 0x1DD9, 230, 0x1DDA, 230, 0x1DDB, 230,
            0x1DDC, 230, 0x1DDD, 230, 0x1DDE, 230, 0x1DDF, 230, 0x1DE0, 230, 0x1DE1, 230, 0x1DE2, 230, 0x1DE3, 230,
            0x1DE4, 230, 0x1DE5, 230, 0x1DE6, 230, 0x1DE7, 230, 0x1DE8, 230, 0x1DE9, 230, 0x1DEA, 230, 0x1DEB, 230,
            0x1DEC, 230, 0x1DED, 230, 0x1DEE, 230, 0x1DEF, 230, 0x1DF0, 230, 0x1DF1, 230, 0x1DF2, 230, 0x1DF3, 230,
            0x1DF4, 230, 0x1DF5, 230, 0x1DF6, 232, 0x1DF7, 228, 0x1DF8, 228, 0x1DF9, 220, 0x1DFA, 218, 0x1DFB, 230,
            0x1DFC, 233, 0x1DFD, 220, 0x1DFE, 230, 0x1DFF, 220, 0x20D0, 230, 0x20D1, 230, 0x20D2, 1, 0x20D3, 1,
            0x20D4, 230, 0x20D5, 230, 0x20D6, 230, 0x20D7, 230, 0x20D8, 1, 0x20D9, 1, 0x20DA, 1, 0x20DB, 230,
            0x20DC, 230, 0x20E1, 230, 0x20E5, 1, 0x20E6, 1, 0x20E7, 230, 0x20E8, 220, 0x20E9, 230, 0x20EA, 1,
            0x20EB, 1, 0x20EC, 220, 0x20ED, 220, 0x20EE, 220, 0x20EF, 220, 0x20F0, 230, 0x2CEF, 230, 0x2CF0, 230,
            0x2CF1, 230, 0x2D7F, 9, 0x2DE0, 230, 0x2DE1, 230, 0x2DE2, 230, 0x2DE3, 230, 0x2DE4, 230, 0x2DE5, 230,
            0x2DE6, 230, 0x2DE7, 230, 0x2DE8, 230, 0x2DE9, 230, 0x2DEA, 230, 0x2DEB, 230, 0x2DEC, 230, 0x2DED, 230,
            0x2DEE, 230, 0x2DEF, 230, 0x2DF0, 230, 0x2DF1, 230, 0x2DF2, 230, 0x2DF3, 230, 0x2DF4, 230, 0x2DF5, 230,
            0x2DF6, 230, 0x2DF7, 230, 0x2DF8, 230, 0x2DF9, 230, 0x2DFA, 230, 0x2DFB, 230, 0x2DFC, 230, 0x2DFD, 230,
            0x2DFE, 230, 0x2DFF, 230, 0x302A, 218, 0x302B, 228, 0x302C, 232, 0x302D, 222, 0x302E, 224, 0x302F, 224,
            0x3099, 8, 0x309A, 8, 0xA66F, 230, 0xA674, 230, 0xA675, 230, 0xA676, 230, 0xA677, 230, 0xA678, 230,
            0xA679, 230, 0xA67A, 230, 0xA67B, 230, 0xA67C, 230, 0xA67D, 230, 0xA69E, 230, 0xA69F, 230, 0xA6F0, 230,
            0xA6F1, 230, 0xA806, 9, 0xA82C, 9, 0xA8C4, 9, 0xA8E0, 230, 0xA8E1, 230, 0xA8E2, 230, 0xA8E3, 230,
            0xA8E4, 230, 0xA8E5, 230, 0xA8E6, 230, 0xA8E7, 230, 0xA8E8, 230, 0xA8E9, 230, 0xA8EA, 230, 0xA8EB, 230,
            0xA8EC, 230, 0xA8ED, 230, 0xA8EE, 230, 0xA8EF, 230, 0xA8F0, 230, 0xA8F1, 230, 0xA92B, 220, 0xA92C, 220,
            0xA92D, 220, 0xA953, 9, 0xA9B3, 7, 0xA9C0, 9, 0xAAB0, 230, 0xAAB2, 230, 0xAAB3, 230, 0xAAB4, 220,
            0xAAB7, 230, 0xAAB8, 230, 0xAABE, 230, 0xAABF, 230, 0xAAC1, 230, 0xAAF6, 9, 0xABED, 9, 0xFB1E, 26,
            0xFE20, 230, 0xFE21, 230, 0xFE22, 230, 0xFE23, 230, 0xFE24, 230, 0xFE25, 230, 0xFE26, 230, 0xFE27, 220,
            0xFE28, 220, 0xFE29, 220, 0xFE2A, 220, 0xFE2B, 220, 0xFE2C, 220, 0xFE2D, 220, 0xFE2E, 230, 0xFE2F, 230,
            0x101FD, 220, 0x102E0, 220, 0x10376, 230, 0x10377, 230, 0x10378, 230, 0x10379, 230, 0x1037A, 230, 0x10A0D, 220,
            0x10A0F, 230, 0x10A38, 230, 0x10A39, 1, 0x10A3A, 220, 0x10A3F, 9, 0x10AE5, 230, 0x10AE6, 220, 0x10D24, 230,
            0x10D25, 230, 0x10D26, 230, 0x10D27, 230, 0x10D69, 230, 0x10D6A, 230, 0x10D6B, 230, 0x10D6C, 230, 0x10D6D, 230,
            0x10EAB, 230, 0x10EAC, 230, 0x10ECB, 230, 0x10ECC, 220, 0x10ECD, 220, 0x10ECE, 230, 0x10ECF, 230, 0x10EF0, 220,
            0x10EF1, 220, 0x10EF2, 220, 0x10EF3, 230, 0x10EF4, 220, 0x10EF5, 230, 0x10EF6, 220, 0x10EF7, 230, 0x10EF8, 230,
            0x10EF9, 230, 0x10EFA, 220, 0x10EFB, 220, 0x10EFD, 220, 0x10EFE, 220, 0x10EFF, 220, 0x10F46, 220, 0x10F47, 220,
            0x10F48, 230, 0x10F49, 230, 0x10F4A, 230, 0x10F4B, 220, 0x10F4C, 230, 0x10F4D, 220, 0x10F4E, 220, 0x10F4F, 220,
            0x10F50, 220, 0x10F82, 230, 0x10F83, 220, 0x10F84, 230, 0x10F85, 220, 0x11046, 9, 0x11070, 9, 0x1107F, 9,
            0x110B9, 9, 0x110BA, 7, 0x11100, 230, 0x11101, 230, 0x11102, 230, 0x11133, 9, 0x11134, 9, 0x11173, 7,
            0x111C0, 9, 0x111CA, 7, 0x11235, 9, 0x11236, 7, 0x112E9, 7, 0x112EA, 9, 0x1133B, 7, 0x1133C, 7,
            0x1134D, 9, 0x11366, 230, 0x11367, 230, 0x11368, 230, 0x11369, 230, 0x1136A, 230, 0x1136B, 230, 0x1136C, 230,
            0x11370, 230, 0x11371, 230, 0x11372, 230, 0x11373, 230, 0x11374, 230, 0x113CE, 9, 0x113CF, 9, 0x113D0, 9,
            0x11442, 9, 0x11446, 7, 0x1145E, 230, 0x114C2, 9, 0x114C3, 7, 0x115BF, 9, 0x115C0, 7, 0x1163F, 9,
            0x116B6, 9, 0x116B7, 7, 0x1172B, 9, 0x11839, 9, 0x1183A, 7, 0x1193D, 9, 0x1193E, 9, 0x11943, 7,
            0x119E0, 9, 0x11A34, 9, 0x11A47, 9, 0x11A99, 9, 0x11C3F, 9, 0x11D42, 7, 0x11D44, 9, 0x11D45, 9,
            0x11D97, 9, 0x11F41, 9, 0x11F42, 9, 0x1612F, 9, 0x16AF0, 1, 0x16AF1, 1, 0x16AF2, 1, 0x16AF3, 1,
            0x16AF4, 1, 0x16B30, 230, 0x16B31, 230, 0x16B32, 230, 0x16B33, 230, 0x16B34, 230, 0x16B35, 230, 0x16B36, 230,
            0x16FF0, 6, 0x16FF1, 6, 0x1BC9E, 1, 0x1D127, 220, 0x1D128, 220, 0x1D165, 216, 0x1D166, 216, 0x1D167, 1,
            0x1D168, 1, 0x1D169, 1, 0x1D16D, 226, 0x1D16E, 216, 0x1D16F, 216, 0x1D170, 216, 0x1D171, 216, 0x1D172, 216,
            0x1D17B, 220, 0x1D17C, 220, 0x1D17D, 220, 0x1D17E, 220, 0x1D17F, 220, 0x1D180, 220, 0x1D181, 220, 0x1D182, 220,
            0x1D185, 230, 0x1D186, 230, 0x1D187, 230, 0x1D188, 230, 0x1D189, 230, 0x1D18A, 220, 0x1D18B, 220, 0x1D1AA, 230,
            0x1D1AB, 230, 0x1D1AC, 230, 0x1D1AD, 230, 0x1D242, 230, 0x1D243, 230, 0x1D244, 230, 0x1D250, 216, 0x1D251, 216,
            0x1D252, 216, 0x1D25B, 1, 0x1D25C, 1, 0x1D25F, 216, 0x1D280, 216, 0x1D281, 216, 0x1E000, 230, 0x1E001, 230,
            0x1E002, 230, 0x1E003, 230, 0x1E004, 230, 0x1E005, 230, 0x1E006, 230, 0x1E008, 230, 0x1E009, 230, 0x1E00A, 230,
            0x1E00B, 230, 0x1E00C, 230, 0x1E00D, 230, 0x1E00E, 230, 0x1E00F, 230, 0x1E010, 230, 0x1E011, 230, 0x1E012, 230,
            0x1E013, 230, 0x1E014, 230, 0x1E015, 230, 0x1E016, 230, 0x1E017, 230, 0x1E018, 230, 0x1E01B, 230, 0x1E01C, 230,
            0x1E01D, 230, 0x1E01E, 230, 0x1E01F, 230, 0x1E020, 230, 0x1E021, 230, 0x1E023, 230, 0x1E024, 230, 0x1E026, 230,
            0x1E027, 230, 0x1E028, 230, 0x1E029, 230, 0x1E02A, 230, 0x1E08F, 230, 0x1E130, 230, 0x1E131, 230, 0x1E132, 230,
            0x1E133, 230, 0x1E134, 230, 0x1E135, 230, 0x1E136, 230, 0x1E2AE, 230, 0x1E2EC, 230, 0x1E2ED, 230, 0x1E2EE, 230,
            0x1E2EF, 230, 0x1E4EC, 232, 0x1E4ED, 232, 0x1E4EE, 220, 0x1E4EF, 230, 0x1E5EE, 230, 0x1E5EF, 220, 0x1E6E3, 230,
            0x1E6E6, 230, 0x1E6EE, 230, 0x1E6EF, 230, 0x1E6F5, 230, 0x1E8D0, 220, 0x1E8D1, 220, 0x1E8D2, 220, 0x1E8D3, 220,
            0x1E8D4, 220, 0x1E8D5, 220, 0x1E8D6, 220, 0x1E944, 230, 0x1E945, 230, 0x1E946, 230, 0x1E947, 230, 0x1E948, 230,
            0x1E949, 230, 0x1E94A, 7,
        };

        /// <summary>First-level canonical decompositions — flattened (composed, first, second or 0, 1 when the pair recomposes), sorted.</summary>
        internal static readonly int[] Decompositions =
        {
            0x00C0, 0x0041, 0x0300, 1, 0x00C1, 0x0041, 0x0301, 1, 0x00C2, 0x0041, 0x0302, 1, 0x00C3, 0x0041, 0x0303, 1,
            0x00C4, 0x0041, 0x0308, 1, 0x00C5, 0x0041, 0x030A, 1, 0x00C7, 0x0043, 0x0327, 1, 0x00C8, 0x0045, 0x0300, 1,
            0x00C9, 0x0045, 0x0301, 1, 0x00CA, 0x0045, 0x0302, 1, 0x00CB, 0x0045, 0x0308, 1, 0x00CC, 0x0049, 0x0300, 1,
            0x00CD, 0x0049, 0x0301, 1, 0x00CE, 0x0049, 0x0302, 1, 0x00CF, 0x0049, 0x0308, 1, 0x00D1, 0x004E, 0x0303, 1,
            0x00D2, 0x004F, 0x0300, 1, 0x00D3, 0x004F, 0x0301, 1, 0x00D4, 0x004F, 0x0302, 1, 0x00D5, 0x004F, 0x0303, 1,
            0x00D6, 0x004F, 0x0308, 1, 0x00D9, 0x0055, 0x0300, 1, 0x00DA, 0x0055, 0x0301, 1, 0x00DB, 0x0055, 0x0302, 1,
            0x00DC, 0x0055, 0x0308, 1, 0x00DD, 0x0059, 0x0301, 1, 0x00E0, 0x0061, 0x0300, 1, 0x00E1, 0x0061, 0x0301, 1,
            0x00E2, 0x0061, 0x0302, 1, 0x00E3, 0x0061, 0x0303, 1, 0x00E4, 0x0061, 0x0308, 1, 0x00E5, 0x0061, 0x030A, 1,
            0x00E7, 0x0063, 0x0327, 1, 0x00E8, 0x0065, 0x0300, 1, 0x00E9, 0x0065, 0x0301, 1, 0x00EA, 0x0065, 0x0302, 1,
            0x00EB, 0x0065, 0x0308, 1, 0x00EC, 0x0069, 0x0300, 1, 0x00ED, 0x0069, 0x0301, 1, 0x00EE, 0x0069, 0x0302, 1,
            0x00EF, 0x0069, 0x0308, 1, 0x00F1, 0x006E, 0x0303, 1, 0x00F2, 0x006F, 0x0300, 1, 0x00F3, 0x006F, 0x0301, 1,
            0x00F4, 0x006F, 0x0302, 1, 0x00F5, 0x006F, 0x0303, 1, 0x00F6, 0x006F, 0x0308, 1, 0x00F9, 0x0075, 0x0300, 1,
            0x00FA, 0x0075, 0x0301, 1, 0x00FB, 0x0075, 0x0302, 1, 0x00FC, 0x0075, 0x0308, 1, 0x00FD, 0x0079, 0x0301, 1,
            0x00FF, 0x0079, 0x0308, 1, 0x0100, 0x0041, 0x0304, 1, 0x0101, 0x0061, 0x0304, 1, 0x0102, 0x0041, 0x0306, 1,
            0x0103, 0x0061, 0x0306, 1, 0x0104, 0x0041, 0x0328, 1, 0x0105, 0x0061, 0x0328, 1, 0x0106, 0x0043, 0x0301, 1,
            0x0107, 0x0063, 0x0301, 1, 0x0108, 0x0043, 0x0302, 1, 0x0109, 0x0063, 0x0302, 1, 0x010A, 0x0043, 0x0307, 1,
            0x010B, 0x0063, 0x0307, 1, 0x010C, 0x0043, 0x030C, 1, 0x010D, 0x0063, 0x030C, 1, 0x010E, 0x0044, 0x030C, 1,
            0x010F, 0x0064, 0x030C, 1, 0x0112, 0x0045, 0x0304, 1, 0x0113, 0x0065, 0x0304, 1, 0x0114, 0x0045, 0x0306, 1,
            0x0115, 0x0065, 0x0306, 1, 0x0116, 0x0045, 0x0307, 1, 0x0117, 0x0065, 0x0307, 1, 0x0118, 0x0045, 0x0328, 1,
            0x0119, 0x0065, 0x0328, 1, 0x011A, 0x0045, 0x030C, 1, 0x011B, 0x0065, 0x030C, 1, 0x011C, 0x0047, 0x0302, 1,
            0x011D, 0x0067, 0x0302, 1, 0x011E, 0x0047, 0x0306, 1, 0x011F, 0x0067, 0x0306, 1, 0x0120, 0x0047, 0x0307, 1,
            0x0121, 0x0067, 0x0307, 1, 0x0122, 0x0047, 0x0327, 1, 0x0123, 0x0067, 0x0327, 1, 0x0124, 0x0048, 0x0302, 1,
            0x0125, 0x0068, 0x0302, 1, 0x0128, 0x0049, 0x0303, 1, 0x0129, 0x0069, 0x0303, 1, 0x012A, 0x0049, 0x0304, 1,
            0x012B, 0x0069, 0x0304, 1, 0x012C, 0x0049, 0x0306, 1, 0x012D, 0x0069, 0x0306, 1, 0x012E, 0x0049, 0x0328, 1,
            0x012F, 0x0069, 0x0328, 1, 0x0130, 0x0049, 0x0307, 1, 0x0134, 0x004A, 0x0302, 1, 0x0135, 0x006A, 0x0302, 1,
            0x0136, 0x004B, 0x0327, 1, 0x0137, 0x006B, 0x0327, 1, 0x0139, 0x004C, 0x0301, 1, 0x013A, 0x006C, 0x0301, 1,
            0x013B, 0x004C, 0x0327, 1, 0x013C, 0x006C, 0x0327, 1, 0x013D, 0x004C, 0x030C, 1, 0x013E, 0x006C, 0x030C, 1,
            0x0143, 0x004E, 0x0301, 1, 0x0144, 0x006E, 0x0301, 1, 0x0145, 0x004E, 0x0327, 1, 0x0146, 0x006E, 0x0327, 1,
            0x0147, 0x004E, 0x030C, 1, 0x0148, 0x006E, 0x030C, 1, 0x014C, 0x004F, 0x0304, 1, 0x014D, 0x006F, 0x0304, 1,
            0x014E, 0x004F, 0x0306, 1, 0x014F, 0x006F, 0x0306, 1, 0x0150, 0x004F, 0x030B, 1, 0x0151, 0x006F, 0x030B, 1,
            0x0154, 0x0052, 0x0301, 1, 0x0155, 0x0072, 0x0301, 1, 0x0156, 0x0052, 0x0327, 1, 0x0157, 0x0072, 0x0327, 1,
            0x0158, 0x0052, 0x030C, 1, 0x0159, 0x0072, 0x030C, 1, 0x015A, 0x0053, 0x0301, 1, 0x015B, 0x0073, 0x0301, 1,
            0x015C, 0x0053, 0x0302, 1, 0x015D, 0x0073, 0x0302, 1, 0x015E, 0x0053, 0x0327, 1, 0x015F, 0x0073, 0x0327, 1,
            0x0160, 0x0053, 0x030C, 1, 0x0161, 0x0073, 0x030C, 1, 0x0162, 0x0054, 0x0327, 1, 0x0163, 0x0074, 0x0327, 1,
            0x0164, 0x0054, 0x030C, 1, 0x0165, 0x0074, 0x030C, 1, 0x0168, 0x0055, 0x0303, 1, 0x0169, 0x0075, 0x0303, 1,
            0x016A, 0x0055, 0x0304, 1, 0x016B, 0x0075, 0x0304, 1, 0x016C, 0x0055, 0x0306, 1, 0x016D, 0x0075, 0x0306, 1,
            0x016E, 0x0055, 0x030A, 1, 0x016F, 0x0075, 0x030A, 1, 0x0170, 0x0055, 0x030B, 1, 0x0171, 0x0075, 0x030B, 1,
            0x0172, 0x0055, 0x0328, 1, 0x0173, 0x0075, 0x0328, 1, 0x0174, 0x0057, 0x0302, 1, 0x0175, 0x0077, 0x0302, 1,
            0x0176, 0x0059, 0x0302, 1, 0x0177, 0x0079, 0x0302, 1, 0x0178, 0x0059, 0x0308, 1, 0x0179, 0x005A, 0x0301, 1,
            0x017A, 0x007A, 0x0301, 1, 0x017B, 0x005A, 0x0307, 1, 0x017C, 0x007A, 0x0307, 1, 0x017D, 0x005A, 0x030C, 1,
            0x017E, 0x007A, 0x030C, 1, 0x01A0, 0x004F, 0x031B, 1, 0x01A1, 0x006F, 0x031B, 1, 0x01AF, 0x0055, 0x031B, 1,
            0x01B0, 0x0075, 0x031B, 1, 0x01CD, 0x0041, 0x030C, 1, 0x01CE, 0x0061, 0x030C, 1, 0x01CF, 0x0049, 0x030C, 1,
            0x01D0, 0x0069, 0x030C, 1, 0x01D1, 0x004F, 0x030C, 1, 0x01D2, 0x006F, 0x030C, 1, 0x01D3, 0x0055, 0x030C, 1,
            0x01D4, 0x0075, 0x030C, 1, 0x01D5, 0x00DC, 0x0304, 1, 0x01D6, 0x00FC, 0x0304, 1, 0x01D7, 0x00DC, 0x0301, 1,
            0x01D8, 0x00FC, 0x0301, 1, 0x01D9, 0x00DC, 0x030C, 1, 0x01DA, 0x00FC, 0x030C, 1, 0x01DB, 0x00DC, 0x0300, 1,
            0x01DC, 0x00FC, 0x0300, 1, 0x01DE, 0x00C4, 0x0304, 1, 0x01DF, 0x00E4, 0x0304, 1, 0x01E0, 0x0226, 0x0304, 1,
            0x01E1, 0x0227, 0x0304, 1, 0x01E2, 0x00C6, 0x0304, 1, 0x01E3, 0x00E6, 0x0304, 1, 0x01E6, 0x0047, 0x030C, 1,
            0x01E7, 0x0067, 0x030C, 1, 0x01E8, 0x004B, 0x030C, 1, 0x01E9, 0x006B, 0x030C, 1, 0x01EA, 0x004F, 0x0328, 1,
            0x01EB, 0x006F, 0x0328, 1, 0x01EC, 0x01EA, 0x0304, 1, 0x01ED, 0x01EB, 0x0304, 1, 0x01EE, 0x01B7, 0x030C, 1,
            0x01EF, 0x0292, 0x030C, 1, 0x01F0, 0x006A, 0x030C, 1, 0x01F4, 0x0047, 0x0301, 1, 0x01F5, 0x0067, 0x0301, 1,
            0x01F8, 0x004E, 0x0300, 1, 0x01F9, 0x006E, 0x0300, 1, 0x01FA, 0x00C5, 0x0301, 1, 0x01FB, 0x00E5, 0x0301, 1,
            0x01FC, 0x00C6, 0x0301, 1, 0x01FD, 0x00E6, 0x0301, 1, 0x01FE, 0x00D8, 0x0301, 1, 0x01FF, 0x00F8, 0x0301, 1,
            0x0200, 0x0041, 0x030F, 1, 0x0201, 0x0061, 0x030F, 1, 0x0202, 0x0041, 0x0311, 1, 0x0203, 0x0061, 0x0311, 1,
            0x0204, 0x0045, 0x030F, 1, 0x0205, 0x0065, 0x030F, 1, 0x0206, 0x0045, 0x0311, 1, 0x0207, 0x0065, 0x0311, 1,
            0x0208, 0x0049, 0x030F, 1, 0x0209, 0x0069, 0x030F, 1, 0x020A, 0x0049, 0x0311, 1, 0x020B, 0x0069, 0x0311, 1,
            0x020C, 0x004F, 0x030F, 1, 0x020D, 0x006F, 0x030F, 1, 0x020E, 0x004F, 0x0311, 1, 0x020F, 0x006F, 0x0311, 1,
            0x0210, 0x0052, 0x030F, 1, 0x0211, 0x0072, 0x030F, 1, 0x0212, 0x0052, 0x0311, 1, 0x0213, 0x0072, 0x0311, 1,
            0x0214, 0x0055, 0x030F, 1, 0x0215, 0x0075, 0x030F, 1, 0x0216, 0x0055, 0x0311, 1, 0x0217, 0x0075, 0x0311, 1,
            0x0218, 0x0053, 0x0326, 1, 0x0219, 0x0073, 0x0326, 1, 0x021A, 0x0054, 0x0326, 1, 0x021B, 0x0074, 0x0326, 1,
            0x021E, 0x0048, 0x030C, 1, 0x021F, 0x0068, 0x030C, 1, 0x0226, 0x0041, 0x0307, 1, 0x0227, 0x0061, 0x0307, 1,
            0x0228, 0x0045, 0x0327, 1, 0x0229, 0x0065, 0x0327, 1, 0x022A, 0x00D6, 0x0304, 1, 0x022B, 0x00F6, 0x0304, 1,
            0x022C, 0x00D5, 0x0304, 1, 0x022D, 0x00F5, 0x0304, 1, 0x022E, 0x004F, 0x0307, 1, 0x022F, 0x006F, 0x0307, 1,
            0x0230, 0x022E, 0x0304, 1, 0x0231, 0x022F, 0x0304, 1, 0x0232, 0x0059, 0x0304, 1, 0x0233, 0x0079, 0x0304, 1,
            0x0340, 0x0300, 0x0000, 0, 0x0341, 0x0301, 0x0000, 0, 0x0343, 0x0313, 0x0000, 0, 0x0344, 0x0308, 0x0301, 0,
            0x0374, 0x02B9, 0x0000, 0, 0x037E, 0x003B, 0x0000, 0, 0x0385, 0x00A8, 0x0301, 1, 0x0386, 0x0391, 0x0301, 1,
            0x0387, 0x00B7, 0x0000, 0, 0x0388, 0x0395, 0x0301, 1, 0x0389, 0x0397, 0x0301, 1, 0x038A, 0x0399, 0x0301, 1,
            0x038C, 0x039F, 0x0301, 1, 0x038E, 0x03A5, 0x0301, 1, 0x038F, 0x03A9, 0x0301, 1, 0x0390, 0x03CA, 0x0301, 1,
            0x03AA, 0x0399, 0x0308, 1, 0x03AB, 0x03A5, 0x0308, 1, 0x03AC, 0x03B1, 0x0301, 1, 0x03AD, 0x03B5, 0x0301, 1,
            0x03AE, 0x03B7, 0x0301, 1, 0x03AF, 0x03B9, 0x0301, 1, 0x03B0, 0x03CB, 0x0301, 1, 0x03CA, 0x03B9, 0x0308, 1,
            0x03CB, 0x03C5, 0x0308, 1, 0x03CC, 0x03BF, 0x0301, 1, 0x03CD, 0x03C5, 0x0301, 1, 0x03CE, 0x03C9, 0x0301, 1,
            0x03D3, 0x03D2, 0x0301, 1, 0x03D4, 0x03D2, 0x0308, 1, 0x0400, 0x0415, 0x0300, 1, 0x0401, 0x0415, 0x0308, 1,
            0x0403, 0x0413, 0x0301, 1, 0x0407, 0x0406, 0x0308, 1, 0x040C, 0x041A, 0x0301, 1, 0x040D, 0x0418, 0x0300, 1,
            0x040E, 0x0423, 0x0306, 1, 0x0419, 0x0418, 0x0306, 1, 0x0439, 0x0438, 0x0306, 1, 0x0450, 0x0435, 0x0300, 1,
            0x0451, 0x0435, 0x0308, 1, 0x0453, 0x0433, 0x0301, 1, 0x0457, 0x0456, 0x0308, 1, 0x045C, 0x043A, 0x0301, 1,
            0x045D, 0x0438, 0x0300, 1, 0x045E, 0x0443, 0x0306, 1, 0x0476, 0x0474, 0x030F, 1, 0x0477, 0x0475, 0x030F, 1,
            0x04C1, 0x0416, 0x0306, 1, 0x04C2, 0x0436, 0x0306, 1, 0x04D0, 0x0410, 0x0306, 1, 0x04D1, 0x0430, 0x0306, 1,
            0x04D2, 0x0410, 0x0308, 1, 0x04D3, 0x0430, 0x0308, 1, 0x04D6, 0x0415, 0x0306, 1, 0x04D7, 0x0435, 0x0306, 1,
            0x04DA, 0x04D8, 0x0308, 1, 0x04DB, 0x04D9, 0x0308, 1, 0x04DC, 0x0416, 0x0308, 1, 0x04DD, 0x0436, 0x0308, 1,
            0x04DE, 0x0417, 0x0308, 1, 0x04DF, 0x0437, 0x0308, 1, 0x04E2, 0x0418, 0x0304, 1, 0x04E3, 0x0438, 0x0304, 1,
            0x04E4, 0x0418, 0x0308, 1, 0x04E5, 0x0438, 0x0308, 1, 0x04E6, 0x041E, 0x0308, 1, 0x04E7, 0x043E, 0x0308, 1,
            0x04EA, 0x04E8, 0x0308, 1, 0x04EB, 0x04E9, 0x0308, 1, 0x04EC, 0x042D, 0x0308, 1, 0x04ED, 0x044D, 0x0308, 1,
            0x04EE, 0x0423, 0x0304, 1, 0x04EF, 0x0443, 0x0304, 1, 0x04F0, 0x0423, 0x0308, 1, 0x04F1, 0x0443, 0x0308, 1,
            0x04F2, 0x0423, 0x030B, 1, 0x04F3, 0x0443, 0x030B, 1, 0x04F4, 0x0427, 0x0308, 1, 0x04F5, 0x0447, 0x0308, 1,
            0x04F8, 0x042B, 0x0308, 1, 0x04F9, 0x044B, 0x0308, 1, 0x0622, 0x0627, 0x0653, 1, 0x0623, 0x0627, 0x0654, 1,
            0x0624, 0x0648, 0x0654, 1, 0x0625, 0x0627, 0x0655, 1, 0x0626, 0x064A, 0x0654, 1, 0x06C0, 0x06D5, 0x0654, 1,
            0x06C2, 0x06C1, 0x0654, 1, 0x06D3, 0x06D2, 0x0654, 1, 0x0929, 0x0928, 0x093C, 1, 0x0931, 0x0930, 0x093C, 1,
            0x0934, 0x0933, 0x093C, 1, 0x0958, 0x0915, 0x093C, 0, 0x0959, 0x0916, 0x093C, 0, 0x095A, 0x0917, 0x093C, 0,
            0x095B, 0x091C, 0x093C, 0, 0x095C, 0x0921, 0x093C, 0, 0x095D, 0x0922, 0x093C, 0, 0x095E, 0x092B, 0x093C, 0,
            0x095F, 0x092F, 0x093C, 0, 0x09CB, 0x09C7, 0x09BE, 1, 0x09CC, 0x09C7, 0x09D7, 1, 0x09DC, 0x09A1, 0x09BC, 0,
            0x09DD, 0x09A2, 0x09BC, 0, 0x09DF, 0x09AF, 0x09BC, 0, 0x0A33, 0x0A32, 0x0A3C, 0, 0x0A36, 0x0A38, 0x0A3C, 0,
            0x0A59, 0x0A16, 0x0A3C, 0, 0x0A5A, 0x0A17, 0x0A3C, 0, 0x0A5B, 0x0A1C, 0x0A3C, 0, 0x0A5E, 0x0A2B, 0x0A3C, 0,
            0x0B48, 0x0B47, 0x0B56, 1, 0x0B4B, 0x0B47, 0x0B3E, 1, 0x0B4C, 0x0B47, 0x0B57, 1, 0x0B5C, 0x0B21, 0x0B3C, 0,
            0x0B5D, 0x0B22, 0x0B3C, 0, 0x0B94, 0x0B92, 0x0BD7, 1, 0x0BCA, 0x0BC6, 0x0BBE, 1, 0x0BCB, 0x0BC7, 0x0BBE, 1,
            0x0BCC, 0x0BC6, 0x0BD7, 1, 0x0C48, 0x0C46, 0x0C56, 1, 0x0CC0, 0x0CBF, 0x0CD5, 1, 0x0CC7, 0x0CC6, 0x0CD5, 1,
            0x0CC8, 0x0CC6, 0x0CD6, 1, 0x0CCA, 0x0CC6, 0x0CC2, 1, 0x0CCB, 0x0CCA, 0x0CD5, 1, 0x0D4A, 0x0D46, 0x0D3E, 1,
            0x0D4B, 0x0D47, 0x0D3E, 1, 0x0D4C, 0x0D46, 0x0D57, 1, 0x0DDA, 0x0DD9, 0x0DCA, 1, 0x0DDC, 0x0DD9, 0x0DCF, 1,
            0x0DDD, 0x0DDC, 0x0DCA, 1, 0x0DDE, 0x0DD9, 0x0DDF, 1, 0x0F43, 0x0F42, 0x0FB7, 0, 0x0F4D, 0x0F4C, 0x0FB7, 0,
            0x0F52, 0x0F51, 0x0FB7, 0, 0x0F57, 0x0F56, 0x0FB7, 0, 0x0F5C, 0x0F5B, 0x0FB7, 0, 0x0F69, 0x0F40, 0x0FB5, 0,
            0x0F73, 0x0F71, 0x0F72, 0, 0x0F75, 0x0F71, 0x0F74, 0, 0x0F76, 0x0FB2, 0x0F80, 0, 0x0F78, 0x0FB3, 0x0F80, 0,
            0x0F81, 0x0F71, 0x0F80, 0, 0x0F93, 0x0F92, 0x0FB7, 0, 0x0F9D, 0x0F9C, 0x0FB7, 0, 0x0FA2, 0x0FA1, 0x0FB7, 0,
            0x0FA7, 0x0FA6, 0x0FB7, 0, 0x0FAC, 0x0FAB, 0x0FB7, 0, 0x0FB9, 0x0F90, 0x0FB5, 0, 0x1026, 0x1025, 0x102E, 1,
            0x1B06, 0x1B05, 0x1B35, 1, 0x1B08, 0x1B07, 0x1B35, 1, 0x1B0A, 0x1B09, 0x1B35, 1, 0x1B0C, 0x1B0B, 0x1B35, 1,
            0x1B0E, 0x1B0D, 0x1B35, 1, 0x1B12, 0x1B11, 0x1B35, 1, 0x1B3B, 0x1B3A, 0x1B35, 1, 0x1B3D, 0x1B3C, 0x1B35, 1,
            0x1B40, 0x1B3E, 0x1B35, 1, 0x1B41, 0x1B3F, 0x1B35, 1, 0x1B43, 0x1B42, 0x1B35, 1, 0x1E00, 0x0041, 0x0325, 1,
            0x1E01, 0x0061, 0x0325, 1, 0x1E02, 0x0042, 0x0307, 1, 0x1E03, 0x0062, 0x0307, 1, 0x1E04, 0x0042, 0x0323, 1,
            0x1E05, 0x0062, 0x0323, 1, 0x1E06, 0x0042, 0x0331, 1, 0x1E07, 0x0062, 0x0331, 1, 0x1E08, 0x00C7, 0x0301, 1,
            0x1E09, 0x00E7, 0x0301, 1, 0x1E0A, 0x0044, 0x0307, 1, 0x1E0B, 0x0064, 0x0307, 1, 0x1E0C, 0x0044, 0x0323, 1,
            0x1E0D, 0x0064, 0x0323, 1, 0x1E0E, 0x0044, 0x0331, 1, 0x1E0F, 0x0064, 0x0331, 1, 0x1E10, 0x0044, 0x0327, 1,
            0x1E11, 0x0064, 0x0327, 1, 0x1E12, 0x0044, 0x032D, 1, 0x1E13, 0x0064, 0x032D, 1, 0x1E14, 0x0112, 0x0300, 1,
            0x1E15, 0x0113, 0x0300, 1, 0x1E16, 0x0112, 0x0301, 1, 0x1E17, 0x0113, 0x0301, 1, 0x1E18, 0x0045, 0x032D, 1,
            0x1E19, 0x0065, 0x032D, 1, 0x1E1A, 0x0045, 0x0330, 1, 0x1E1B, 0x0065, 0x0330, 1, 0x1E1C, 0x0228, 0x0306, 1,
            0x1E1D, 0x0229, 0x0306, 1, 0x1E1E, 0x0046, 0x0307, 1, 0x1E1F, 0x0066, 0x0307, 1, 0x1E20, 0x0047, 0x0304, 1,
            0x1E21, 0x0067, 0x0304, 1, 0x1E22, 0x0048, 0x0307, 1, 0x1E23, 0x0068, 0x0307, 1, 0x1E24, 0x0048, 0x0323, 1,
            0x1E25, 0x0068, 0x0323, 1, 0x1E26, 0x0048, 0x0308, 1, 0x1E27, 0x0068, 0x0308, 1, 0x1E28, 0x0048, 0x0327, 1,
            0x1E29, 0x0068, 0x0327, 1, 0x1E2A, 0x0048, 0x032E, 1, 0x1E2B, 0x0068, 0x032E, 1, 0x1E2C, 0x0049, 0x0330, 1,
            0x1E2D, 0x0069, 0x0330, 1, 0x1E2E, 0x00CF, 0x0301, 1, 0x1E2F, 0x00EF, 0x0301, 1, 0x1E30, 0x004B, 0x0301, 1,
            0x1E31, 0x006B, 0x0301, 1, 0x1E32, 0x004B, 0x0323, 1, 0x1E33, 0x006B, 0x0323, 1, 0x1E34, 0x004B, 0x0331, 1,
            0x1E35, 0x006B, 0x0331, 1, 0x1E36, 0x004C, 0x0323, 1, 0x1E37, 0x006C, 0x0323, 1, 0x1E38, 0x1E36, 0x0304, 1,
            0x1E39, 0x1E37, 0x0304, 1, 0x1E3A, 0x004C, 0x0331, 1, 0x1E3B, 0x006C, 0x0331, 1, 0x1E3C, 0x004C, 0x032D, 1,
            0x1E3D, 0x006C, 0x032D, 1, 0x1E3E, 0x004D, 0x0301, 1, 0x1E3F, 0x006D, 0x0301, 1, 0x1E40, 0x004D, 0x0307, 1,
            0x1E41, 0x006D, 0x0307, 1, 0x1E42, 0x004D, 0x0323, 1, 0x1E43, 0x006D, 0x0323, 1, 0x1E44, 0x004E, 0x0307, 1,
            0x1E45, 0x006E, 0x0307, 1, 0x1E46, 0x004E, 0x0323, 1, 0x1E47, 0x006E, 0x0323, 1, 0x1E48, 0x004E, 0x0331, 1,
            0x1E49, 0x006E, 0x0331, 1, 0x1E4A, 0x004E, 0x032D, 1, 0x1E4B, 0x006E, 0x032D, 1, 0x1E4C, 0x00D5, 0x0301, 1,
            0x1E4D, 0x00F5, 0x0301, 1, 0x1E4E, 0x00D5, 0x0308, 1, 0x1E4F, 0x00F5, 0x0308, 1, 0x1E50, 0x014C, 0x0300, 1,
            0x1E51, 0x014D, 0x0300, 1, 0x1E52, 0x014C, 0x0301, 1, 0x1E53, 0x014D, 0x0301, 1, 0x1E54, 0x0050, 0x0301, 1,
            0x1E55, 0x0070, 0x0301, 1, 0x1E56, 0x0050, 0x0307, 1, 0x1E57, 0x0070, 0x0307, 1, 0x1E58, 0x0052, 0x0307, 1,
            0x1E59, 0x0072, 0x0307, 1, 0x1E5A, 0x0052, 0x0323, 1, 0x1E5B, 0x0072, 0x0323, 1, 0x1E5C, 0x1E5A, 0x0304, 1,
            0x1E5D, 0x1E5B, 0x0304, 1, 0x1E5E, 0x0052, 0x0331, 1, 0x1E5F, 0x0072, 0x0331, 1, 0x1E60, 0x0053, 0x0307, 1,
            0x1E61, 0x0073, 0x0307, 1, 0x1E62, 0x0053, 0x0323, 1, 0x1E63, 0x0073, 0x0323, 1, 0x1E64, 0x015A, 0x0307, 1,
            0x1E65, 0x015B, 0x0307, 1, 0x1E66, 0x0160, 0x0307, 1, 0x1E67, 0x0161, 0x0307, 1, 0x1E68, 0x1E62, 0x0307, 1,
            0x1E69, 0x1E63, 0x0307, 1, 0x1E6A, 0x0054, 0x0307, 1, 0x1E6B, 0x0074, 0x0307, 1, 0x1E6C, 0x0054, 0x0323, 1,
            0x1E6D, 0x0074, 0x0323, 1, 0x1E6E, 0x0054, 0x0331, 1, 0x1E6F, 0x0074, 0x0331, 1, 0x1E70, 0x0054, 0x032D, 1,
            0x1E71, 0x0074, 0x032D, 1, 0x1E72, 0x0055, 0x0324, 1, 0x1E73, 0x0075, 0x0324, 1, 0x1E74, 0x0055, 0x0330, 1,
            0x1E75, 0x0075, 0x0330, 1, 0x1E76, 0x0055, 0x032D, 1, 0x1E77, 0x0075, 0x032D, 1, 0x1E78, 0x0168, 0x0301, 1,
            0x1E79, 0x0169, 0x0301, 1, 0x1E7A, 0x016A, 0x0308, 1, 0x1E7B, 0x016B, 0x0308, 1, 0x1E7C, 0x0056, 0x0303, 1,
            0x1E7D, 0x0076, 0x0303, 1, 0x1E7E, 0x0056, 0x0323, 1, 0x1E7F, 0x0076, 0x0323, 1, 0x1E80, 0x0057, 0x0300, 1,
            0x1E81, 0x0077, 0x0300, 1, 0x1E82, 0x0057, 0x0301, 1, 0x1E83, 0x0077, 0x0301, 1, 0x1E84, 0x0057, 0x0308, 1,
            0x1E85, 0x0077, 0x0308, 1, 0x1E86, 0x0057, 0x0307, 1, 0x1E87, 0x0077, 0x0307, 1, 0x1E88, 0x0057, 0x0323, 1,
            0x1E89, 0x0077, 0x0323, 1, 0x1E8A, 0x0058, 0x0307, 1, 0x1E8B, 0x0078, 0x0307, 1, 0x1E8C, 0x0058, 0x0308, 1,
            0x1E8D, 0x0078, 0x0308, 1, 0x1E8E, 0x0059, 0x0307, 1, 0x1E8F, 0x0079, 0x0307, 1, 0x1E90, 0x005A, 0x0302, 1,
            0x1E91, 0x007A, 0x0302, 1, 0x1E92, 0x005A, 0x0323, 1, 0x1E93, 0x007A, 0x0323, 1, 0x1E94, 0x005A, 0x0331, 1,
            0x1E95, 0x007A, 0x0331, 1, 0x1E96, 0x0068, 0x0331, 1, 0x1E97, 0x0074, 0x0308, 1, 0x1E98, 0x0077, 0x030A, 1,
            0x1E99, 0x0079, 0x030A, 1, 0x1E9B, 0x017F, 0x0307, 1, 0x1EA0, 0x0041, 0x0323, 1, 0x1EA1, 0x0061, 0x0323, 1,
            0x1EA2, 0x0041, 0x0309, 1, 0x1EA3, 0x0061, 0x0309, 1, 0x1EA4, 0x00C2, 0x0301, 1, 0x1EA5, 0x00E2, 0x0301, 1,
            0x1EA6, 0x00C2, 0x0300, 1, 0x1EA7, 0x00E2, 0x0300, 1, 0x1EA8, 0x00C2, 0x0309, 1, 0x1EA9, 0x00E2, 0x0309, 1,
            0x1EAA, 0x00C2, 0x0303, 1, 0x1EAB, 0x00E2, 0x0303, 1, 0x1EAC, 0x1EA0, 0x0302, 1, 0x1EAD, 0x1EA1, 0x0302, 1,
            0x1EAE, 0x0102, 0x0301, 1, 0x1EAF, 0x0103, 0x0301, 1, 0x1EB0, 0x0102, 0x0300, 1, 0x1EB1, 0x0103, 0x0300, 1,
            0x1EB2, 0x0102, 0x0309, 1, 0x1EB3, 0x0103, 0x0309, 1, 0x1EB4, 0x0102, 0x0303, 1, 0x1EB5, 0x0103, 0x0303, 1,
            0x1EB6, 0x1EA0, 0x0306, 1, 0x1EB7, 0x1EA1, 0x0306, 1, 0x1EB8, 0x0045, 0x0323, 1, 0x1EB9, 0x0065, 0x0323, 1,
            0x1EBA, 0x0045, 0x0309, 1, 0x1EBB, 0x0065, 0x0309, 1, 0x1EBC, 0x0045, 0x0303, 1, 0x1EBD, 0x0065, 0x0303, 1,
            0x1EBE, 0x00CA, 0x0301, 1, 0x1EBF, 0x00EA, 0x0301, 1, 0x1EC0, 0x00CA, 0x0300, 1, 0x1EC1, 0x00EA, 0x0300, 1,
            0x1EC2, 0x00CA, 0x0309, 1, 0x1EC3, 0x00EA, 0x0309, 1, 0x1EC4, 0x00CA, 0x0303, 1, 0x1EC5, 0x00EA, 0x0303, 1,
            0x1EC6, 0x1EB8, 0x0302, 1, 0x1EC7, 0x1EB9, 0x0302, 1, 0x1EC8, 0x0049, 0x0309, 1, 0x1EC9, 0x0069, 0x0309, 1,
            0x1ECA, 0x0049, 0x0323, 1, 0x1ECB, 0x0069, 0x0323, 1, 0x1ECC, 0x004F, 0x0323, 1, 0x1ECD, 0x006F, 0x0323, 1,
            0x1ECE, 0x004F, 0x0309, 1, 0x1ECF, 0x006F, 0x0309, 1, 0x1ED0, 0x00D4, 0x0301, 1, 0x1ED1, 0x00F4, 0x0301, 1,
            0x1ED2, 0x00D4, 0x0300, 1, 0x1ED3, 0x00F4, 0x0300, 1, 0x1ED4, 0x00D4, 0x0309, 1, 0x1ED5, 0x00F4, 0x0309, 1,
            0x1ED6, 0x00D4, 0x0303, 1, 0x1ED7, 0x00F4, 0x0303, 1, 0x1ED8, 0x1ECC, 0x0302, 1, 0x1ED9, 0x1ECD, 0x0302, 1,
            0x1EDA, 0x01A0, 0x0301, 1, 0x1EDB, 0x01A1, 0x0301, 1, 0x1EDC, 0x01A0, 0x0300, 1, 0x1EDD, 0x01A1, 0x0300, 1,
            0x1EDE, 0x01A0, 0x0309, 1, 0x1EDF, 0x01A1, 0x0309, 1, 0x1EE0, 0x01A0, 0x0303, 1, 0x1EE1, 0x01A1, 0x0303, 1,
            0x1EE2, 0x01A0, 0x0323, 1, 0x1EE3, 0x01A1, 0x0323, 1, 0x1EE4, 0x0055, 0x0323, 1, 0x1EE5, 0x0075, 0x0323, 1,
            0x1EE6, 0x0055, 0x0309, 1, 0x1EE7, 0x0075, 0x0309, 1, 0x1EE8, 0x01AF, 0x0301, 1, 0x1EE9, 0x01B0, 0x0301, 1,
            0x1EEA, 0x01AF, 0x0300, 1, 0x1EEB, 0x01B0, 0x0300, 1, 0x1EEC, 0x01AF, 0x0309, 1, 0x1EED, 0x01B0, 0x0309, 1,
            0x1EEE, 0x01AF, 0x0303, 1, 0x1EEF, 0x01B0, 0x0303, 1, 0x1EF0, 0x01AF, 0x0323, 1, 0x1EF1, 0x01B0, 0x0323, 1,
            0x1EF2, 0x0059, 0x0300, 1, 0x1EF3, 0x0079, 0x0300, 1, 0x1EF4, 0x0059, 0x0323, 1, 0x1EF5, 0x0079, 0x0323, 1,
            0x1EF6, 0x0059, 0x0309, 1, 0x1EF7, 0x0079, 0x0309, 1, 0x1EF8, 0x0059, 0x0303, 1, 0x1EF9, 0x0079, 0x0303, 1,
            0x1F00, 0x03B1, 0x0313, 1, 0x1F01, 0x03B1, 0x0314, 1, 0x1F02, 0x1F00, 0x0300, 1, 0x1F03, 0x1F01, 0x0300, 1,
            0x1F04, 0x1F00, 0x0301, 1, 0x1F05, 0x1F01, 0x0301, 1, 0x1F06, 0x1F00, 0x0342, 1, 0x1F07, 0x1F01, 0x0342, 1,
            0x1F08, 0x0391, 0x0313, 1, 0x1F09, 0x0391, 0x0314, 1, 0x1F0A, 0x1F08, 0x0300, 1, 0x1F0B, 0x1F09, 0x0300, 1,
            0x1F0C, 0x1F08, 0x0301, 1, 0x1F0D, 0x1F09, 0x0301, 1, 0x1F0E, 0x1F08, 0x0342, 1, 0x1F0F, 0x1F09, 0x0342, 1,
            0x1F10, 0x03B5, 0x0313, 1, 0x1F11, 0x03B5, 0x0314, 1, 0x1F12, 0x1F10, 0x0300, 1, 0x1F13, 0x1F11, 0x0300, 1,
            0x1F14, 0x1F10, 0x0301, 1, 0x1F15, 0x1F11, 0x0301, 1, 0x1F18, 0x0395, 0x0313, 1, 0x1F19, 0x0395, 0x0314, 1,
            0x1F1A, 0x1F18, 0x0300, 1, 0x1F1B, 0x1F19, 0x0300, 1, 0x1F1C, 0x1F18, 0x0301, 1, 0x1F1D, 0x1F19, 0x0301, 1,
            0x1F20, 0x03B7, 0x0313, 1, 0x1F21, 0x03B7, 0x0314, 1, 0x1F22, 0x1F20, 0x0300, 1, 0x1F23, 0x1F21, 0x0300, 1,
            0x1F24, 0x1F20, 0x0301, 1, 0x1F25, 0x1F21, 0x0301, 1, 0x1F26, 0x1F20, 0x0342, 1, 0x1F27, 0x1F21, 0x0342, 1,
            0x1F28, 0x0397, 0x0313, 1, 0x1F29, 0x0397, 0x0314, 1, 0x1F2A, 0x1F28, 0x0300, 1, 0x1F2B, 0x1F29, 0x0300, 1,
            0x1F2C, 0x1F28, 0x0301, 1, 0x1F2D, 0x1F29, 0x0301, 1, 0x1F2E, 0x1F28, 0x0342, 1, 0x1F2F, 0x1F29, 0x0342, 1,
            0x1F30, 0x03B9, 0x0313, 1, 0x1F31, 0x03B9, 0x0314, 1, 0x1F32, 0x1F30, 0x0300, 1, 0x1F33, 0x1F31, 0x0300, 1,
            0x1F34, 0x1F30, 0x0301, 1, 0x1F35, 0x1F31, 0x0301, 1, 0x1F36, 0x1F30, 0x0342, 1, 0x1F37, 0x1F31, 0x0342, 1,
            0x1F38, 0x0399, 0x0313, 1, 0x1F39, 0x0399, 0x0314, 1, 0x1F3A, 0x1F38, 0x0300, 1, 0x1F3B, 0x1F39, 0x0300, 1,
            0x1F3C, 0x1F38, 0x0301, 1, 0x1F3D, 0x1F39, 0x0301, 1, 0x1F3E, 0x1F38, 0x0342, 1, 0x1F3F, 0x1F39, 0x0342, 1,
            0x1F40, 0x03BF, 0x0313, 1, 0x1F41, 0x03BF, 0x0314, 1, 0x1F42, 0x1F40, 0x0300, 1, 0x1F43, 0x1F41, 0x0300, 1,
            0x1F44, 0x1F40, 0x0301, 1, 0x1F45, 0x1F41, 0x0301, 1, 0x1F48, 0x039F, 0x0313, 1, 0x1F49, 0x039F, 0x0314, 1,
            0x1F4A, 0x1F48, 0x0300, 1, 0x1F4B, 0x1F49, 0x0300, 1, 0x1F4C, 0x1F48, 0x0301, 1, 0x1F4D, 0x1F49, 0x0301, 1,
            0x1F50, 0x03C5, 0x0313, 1, 0x1F51, 0x03C5, 0x0314, 1, 0x1F52, 0x1F50, 0x0300, 1, 0x1F53, 0x1F51, 0x0300, 1,
            0x1F54, 0x1F50, 0x0301, 1, 0x1F55, 0x1F51, 0x0301, 1, 0x1F56, 0x1F50, 0x0342, 1, 0x1F57, 0x1F51, 0x0342, 1,
            0x1F59, 0x03A5, 0x0314, 1, 0x1F5B, 0x1F59, 0x0300, 1, 0x1F5D, 0x1F59, 0x0301, 1, 0x1F5F, 0x1F59, 0x0342, 1,
            0x1F60, 0x03C9, 0x0313, 1, 0x1F61, 0x03C9, 0x0314, 1, 0x1F62, 0x1F60, 0x0300, 1, 0x1F63, 0x1F61, 0x0300, 1,
            0x1F64, 0x1F60, 0x0301, 1, 0x1F65, 0x1F61, 0x0301, 1, 0x1F66, 0x1F60, 0x0342, 1, 0x1F67, 0x1F61, 0x0342, 1,
            0x1F68, 0x03A9, 0x0313, 1, 0x1F69, 0x03A9, 0x0314, 1, 0x1F6A, 0x1F68, 0x0300, 1, 0x1F6B, 0x1F69, 0x0300, 1,
            0x1F6C, 0x1F68, 0x0301, 1, 0x1F6D, 0x1F69, 0x0301, 1, 0x1F6E, 0x1F68, 0x0342, 1, 0x1F6F, 0x1F69, 0x0342, 1,
            0x1F70, 0x03B1, 0x0300, 1, 0x1F71, 0x03AC, 0x0000, 0, 0x1F72, 0x03B5, 0x0300, 1, 0x1F73, 0x03AD, 0x0000, 0,
            0x1F74, 0x03B7, 0x0300, 1, 0x1F75, 0x03AE, 0x0000, 0, 0x1F76, 0x03B9, 0x0300, 1, 0x1F77, 0x03AF, 0x0000, 0,
            0x1F78, 0x03BF, 0x0300, 1, 0x1F79, 0x03CC, 0x0000, 0, 0x1F7A, 0x03C5, 0x0300, 1, 0x1F7B, 0x03CD, 0x0000, 0,
            0x1F7C, 0x03C9, 0x0300, 1, 0x1F7D, 0x03CE, 0x0000, 0, 0x1F80, 0x1F00, 0x0345, 1, 0x1F81, 0x1F01, 0x0345, 1,
            0x1F82, 0x1F02, 0x0345, 1, 0x1F83, 0x1F03, 0x0345, 1, 0x1F84, 0x1F04, 0x0345, 1, 0x1F85, 0x1F05, 0x0345, 1,
            0x1F86, 0x1F06, 0x0345, 1, 0x1F87, 0x1F07, 0x0345, 1, 0x1F88, 0x1F08, 0x0345, 1, 0x1F89, 0x1F09, 0x0345, 1,
            0x1F8A, 0x1F0A, 0x0345, 1, 0x1F8B, 0x1F0B, 0x0345, 1, 0x1F8C, 0x1F0C, 0x0345, 1, 0x1F8D, 0x1F0D, 0x0345, 1,
            0x1F8E, 0x1F0E, 0x0345, 1, 0x1F8F, 0x1F0F, 0x0345, 1, 0x1F90, 0x1F20, 0x0345, 1, 0x1F91, 0x1F21, 0x0345, 1,
            0x1F92, 0x1F22, 0x0345, 1, 0x1F93, 0x1F23, 0x0345, 1, 0x1F94, 0x1F24, 0x0345, 1, 0x1F95, 0x1F25, 0x0345, 1,
            0x1F96, 0x1F26, 0x0345, 1, 0x1F97, 0x1F27, 0x0345, 1, 0x1F98, 0x1F28, 0x0345, 1, 0x1F99, 0x1F29, 0x0345, 1,
            0x1F9A, 0x1F2A, 0x0345, 1, 0x1F9B, 0x1F2B, 0x0345, 1, 0x1F9C, 0x1F2C, 0x0345, 1, 0x1F9D, 0x1F2D, 0x0345, 1,
            0x1F9E, 0x1F2E, 0x0345, 1, 0x1F9F, 0x1F2F, 0x0345, 1, 0x1FA0, 0x1F60, 0x0345, 1, 0x1FA1, 0x1F61, 0x0345, 1,
            0x1FA2, 0x1F62, 0x0345, 1, 0x1FA3, 0x1F63, 0x0345, 1, 0x1FA4, 0x1F64, 0x0345, 1, 0x1FA5, 0x1F65, 0x0345, 1,
            0x1FA6, 0x1F66, 0x0345, 1, 0x1FA7, 0x1F67, 0x0345, 1, 0x1FA8, 0x1F68, 0x0345, 1, 0x1FA9, 0x1F69, 0x0345, 1,
            0x1FAA, 0x1F6A, 0x0345, 1, 0x1FAB, 0x1F6B, 0x0345, 1, 0x1FAC, 0x1F6C, 0x0345, 1, 0x1FAD, 0x1F6D, 0x0345, 1,
            0x1FAE, 0x1F6E, 0x0345, 1, 0x1FAF, 0x1F6F, 0x0345, 1, 0x1FB0, 0x03B1, 0x0306, 1, 0x1FB1, 0x03B1, 0x0304, 1,
            0x1FB2, 0x1F70, 0x0345, 1, 0x1FB3, 0x03B1, 0x0345, 1, 0x1FB4, 0x03AC, 0x0345, 1, 0x1FB6, 0x03B1, 0x0342, 1,
            0x1FB7, 0x1FB6, 0x0345, 1, 0x1FB8, 0x0391, 0x0306, 1, 0x1FB9, 0x0391, 0x0304, 1, 0x1FBA, 0x0391, 0x0300, 1,
            0x1FBB, 0x0386, 0x0000, 0, 0x1FBC, 0x0391, 0x0345, 1, 0x1FBE, 0x03B9, 0x0000, 0, 0x1FC1, 0x00A8, 0x0342, 1,
            0x1FC2, 0x1F74, 0x0345, 1, 0x1FC3, 0x03B7, 0x0345, 1, 0x1FC4, 0x03AE, 0x0345, 1, 0x1FC6, 0x03B7, 0x0342, 1,
            0x1FC7, 0x1FC6, 0x0345, 1, 0x1FC8, 0x0395, 0x0300, 1, 0x1FC9, 0x0388, 0x0000, 0, 0x1FCA, 0x0397, 0x0300, 1,
            0x1FCB, 0x0389, 0x0000, 0, 0x1FCC, 0x0397, 0x0345, 1, 0x1FCD, 0x1FBF, 0x0300, 1, 0x1FCE, 0x1FBF, 0x0301, 1,
            0x1FCF, 0x1FBF, 0x0342, 1, 0x1FD0, 0x03B9, 0x0306, 1, 0x1FD1, 0x03B9, 0x0304, 1, 0x1FD2, 0x03CA, 0x0300, 1,
            0x1FD3, 0x0390, 0x0000, 0, 0x1FD6, 0x03B9, 0x0342, 1, 0x1FD7, 0x03CA, 0x0342, 1, 0x1FD8, 0x0399, 0x0306, 1,
            0x1FD9, 0x0399, 0x0304, 1, 0x1FDA, 0x0399, 0x0300, 1, 0x1FDB, 0x038A, 0x0000, 0, 0x1FDD, 0x1FFE, 0x0300, 1,
            0x1FDE, 0x1FFE, 0x0301, 1, 0x1FDF, 0x1FFE, 0x0342, 1, 0x1FE0, 0x03C5, 0x0306, 1, 0x1FE1, 0x03C5, 0x0304, 1,
            0x1FE2, 0x03CB, 0x0300, 1, 0x1FE3, 0x03B0, 0x0000, 0, 0x1FE4, 0x03C1, 0x0313, 1, 0x1FE5, 0x03C1, 0x0314, 1,
            0x1FE6, 0x03C5, 0x0342, 1, 0x1FE7, 0x03CB, 0x0342, 1, 0x1FE8, 0x03A5, 0x0306, 1, 0x1FE9, 0x03A5, 0x0304, 1,
            0x1FEA, 0x03A5, 0x0300, 1, 0x1FEB, 0x038E, 0x0000, 0, 0x1FEC, 0x03A1, 0x0314, 1, 0x1FED, 0x00A8, 0x0300, 1,
            0x1FEE, 0x0385, 0x0000, 0, 0x1FEF, 0x0060, 0x0000, 0, 0x1FF2, 0x1F7C, 0x0345, 1, 0x1FF3, 0x03C9, 0x0345, 1,
            0x1FF4, 0x03CE, 0x0345, 1, 0x1FF6, 0x03C9, 0x0342, 1, 0x1FF7, 0x1FF6, 0x0345, 1, 0x1FF8, 0x039F, 0x0300, 1,
            0x1FF9, 0x038C, 0x0000, 0, 0x1FFA, 0x03A9, 0x0300, 1, 0x1FFB, 0x038F, 0x0000, 0, 0x1FFC, 0x03A9, 0x0345, 1,
            0x1FFD, 0x00B4, 0x0000, 0, 0x2000, 0x2002, 0x0000, 0, 0x2001, 0x2003, 0x0000, 0, 0x2126, 0x03A9, 0x0000, 0,
            0x212A, 0x004B, 0x0000, 0, 0x212B, 0x00C5, 0x0000, 0, 0x219A, 0x2190, 0x0338, 1, 0x219B, 0x2192, 0x0338, 1,
            0x21AE, 0x2194, 0x0338, 1, 0x21CD, 0x21D0, 0x0338, 1, 0x21CE, 0x21D4, 0x0338, 1, 0x21CF, 0x21D2, 0x0338, 1,
            0x2204, 0x2203, 0x0338, 1, 0x2209, 0x2208, 0x0338, 1, 0x220C, 0x220B, 0x0338, 1, 0x2224, 0x2223, 0x0338, 1,
            0x2226, 0x2225, 0x0338, 1, 0x2241, 0x223C, 0x0338, 1, 0x2244, 0x2243, 0x0338, 1, 0x2247, 0x2245, 0x0338, 1,
            0x2249, 0x2248, 0x0338, 1, 0x2260, 0x003D, 0x0338, 1, 0x2262, 0x2261, 0x0338, 1, 0x226D, 0x224D, 0x0338, 1,
            0x226E, 0x003C, 0x0338, 1, 0x226F, 0x003E, 0x0338, 1, 0x2270, 0x2264, 0x0338, 1, 0x2271, 0x2265, 0x0338, 1,
            0x2274, 0x2272, 0x0338, 1, 0x2275, 0x2273, 0x0338, 1, 0x2278, 0x2276, 0x0338, 1, 0x2279, 0x2277, 0x0338, 1,
            0x2280, 0x227A, 0x0338, 1, 0x2281, 0x227B, 0x0338, 1, 0x2284, 0x2282, 0x0338, 1, 0x2285, 0x2283, 0x0338, 1,
            0x2288, 0x2286, 0x0338, 1, 0x2289, 0x2287, 0x0338, 1, 0x22AC, 0x22A2, 0x0338, 1, 0x22AD, 0x22A8, 0x0338, 1,
            0x22AE, 0x22A9, 0x0338, 1, 0x22AF, 0x22AB, 0x0338, 1, 0x22E0, 0x227C, 0x0338, 1, 0x22E1, 0x227D, 0x0338, 1,
            0x22E2, 0x2291, 0x0338, 1, 0x22E3, 0x2292, 0x0338, 1, 0x22EA, 0x22B2, 0x0338, 1, 0x22EB, 0x22B3, 0x0338, 1,
            0x22EC, 0x22B4, 0x0338, 1, 0x22ED, 0x22B5, 0x0338, 1, 0x2329, 0x3008, 0x0000, 0, 0x232A, 0x3009, 0x0000, 0,
            0x2ADC, 0x2ADD, 0x0338, 0, 0x304C, 0x304B, 0x3099, 1, 0x304E, 0x304D, 0x3099, 1, 0x3050, 0x304F, 0x3099, 1,
            0x3052, 0x3051, 0x3099, 1, 0x3054, 0x3053, 0x3099, 1, 0x3056, 0x3055, 0x3099, 1, 0x3058, 0x3057, 0x3099, 1,
            0x305A, 0x3059, 0x3099, 1, 0x305C, 0x305B, 0x3099, 1, 0x305E, 0x305D, 0x3099, 1, 0x3060, 0x305F, 0x3099, 1,
            0x3062, 0x3061, 0x3099, 1, 0x3065, 0x3064, 0x3099, 1, 0x3067, 0x3066, 0x3099, 1, 0x3069, 0x3068, 0x3099, 1,
            0x3070, 0x306F, 0x3099, 1, 0x3071, 0x306F, 0x309A, 1, 0x3073, 0x3072, 0x3099, 1, 0x3074, 0x3072, 0x309A, 1,
            0x3076, 0x3075, 0x3099, 1, 0x3077, 0x3075, 0x309A, 1, 0x3079, 0x3078, 0x3099, 1, 0x307A, 0x3078, 0x309A, 1,
            0x307C, 0x307B, 0x3099, 1, 0x307D, 0x307B, 0x309A, 1, 0x3094, 0x3046, 0x3099, 1, 0x309E, 0x309D, 0x3099, 1,
            0x30AC, 0x30AB, 0x3099, 1, 0x30AE, 0x30AD, 0x3099, 1, 0x30B0, 0x30AF, 0x3099, 1, 0x30B2, 0x30B1, 0x3099, 1,
            0x30B4, 0x30B3, 0x3099, 1, 0x30B6, 0x30B5, 0x3099, 1, 0x30B8, 0x30B7, 0x3099, 1, 0x30BA, 0x30B9, 0x3099, 1,
            0x30BC, 0x30BB, 0x3099, 1, 0x30BE, 0x30BD, 0x3099, 1, 0x30C0, 0x30BF, 0x3099, 1, 0x30C2, 0x30C1, 0x3099, 1,
            0x30C5, 0x30C4, 0x3099, 1, 0x30C7, 0x30C6, 0x3099, 1, 0x30C9, 0x30C8, 0x3099, 1, 0x30D0, 0x30CF, 0x3099, 1,
            0x30D1, 0x30CF, 0x309A, 1, 0x30D3, 0x30D2, 0x3099, 1, 0x30D4, 0x30D2, 0x309A, 1, 0x30D6, 0x30D5, 0x3099, 1,
            0x30D7, 0x30D5, 0x309A, 1, 0x30D9, 0x30D8, 0x3099, 1, 0x30DA, 0x30D8, 0x309A, 1, 0x30DC, 0x30DB, 0x3099, 1,
            0x30DD, 0x30DB, 0x309A, 1, 0x30F4, 0x30A6, 0x3099, 1, 0x30F7, 0x30EF, 0x3099, 1, 0x30F8, 0x30F0, 0x3099, 1,
            0x30F9, 0x30F1, 0x3099, 1, 0x30FA, 0x30F2, 0x3099, 1, 0x30FE, 0x30FD, 0x3099, 1, 0xF900, 0x8C48, 0x0000, 0,
            0xF901, 0x66F4, 0x0000, 0, 0xF902, 0x8ECA, 0x0000, 0, 0xF903, 0x8CC8, 0x0000, 0, 0xF904, 0x6ED1, 0x0000, 0,
            0xF905, 0x4E32, 0x0000, 0, 0xF906, 0x53E5, 0x0000, 0, 0xF907, 0x9F9C, 0x0000, 0, 0xF908, 0x9F9C, 0x0000, 0,
            0xF909, 0x5951, 0x0000, 0, 0xF90A, 0x91D1, 0x0000, 0, 0xF90B, 0x5587, 0x0000, 0, 0xF90C, 0x5948, 0x0000, 0,
            0xF90D, 0x61F6, 0x0000, 0, 0xF90E, 0x7669, 0x0000, 0, 0xF90F, 0x7F85, 0x0000, 0, 0xF910, 0x863F, 0x0000, 0,
            0xF911, 0x87BA, 0x0000, 0, 0xF912, 0x88F8, 0x0000, 0, 0xF913, 0x908F, 0x0000, 0, 0xF914, 0x6A02, 0x0000, 0,
            0xF915, 0x6D1B, 0x0000, 0, 0xF916, 0x70D9, 0x0000, 0, 0xF917, 0x73DE, 0x0000, 0, 0xF918, 0x843D, 0x0000, 0,
            0xF919, 0x916A, 0x0000, 0, 0xF91A, 0x99F1, 0x0000, 0, 0xF91B, 0x4E82, 0x0000, 0, 0xF91C, 0x5375, 0x0000, 0,
            0xF91D, 0x6B04, 0x0000, 0, 0xF91E, 0x721B, 0x0000, 0, 0xF91F, 0x862D, 0x0000, 0, 0xF920, 0x9E1E, 0x0000, 0,
            0xF921, 0x5D50, 0x0000, 0, 0xF922, 0x6FEB, 0x0000, 0, 0xF923, 0x85CD, 0x0000, 0, 0xF924, 0x8964, 0x0000, 0,
            0xF925, 0x62C9, 0x0000, 0, 0xF926, 0x81D8, 0x0000, 0, 0xF927, 0x881F, 0x0000, 0, 0xF928, 0x5ECA, 0x0000, 0,
            0xF929, 0x6717, 0x0000, 0, 0xF92A, 0x6D6A, 0x0000, 0, 0xF92B, 0x72FC, 0x0000, 0, 0xF92C, 0x90CE, 0x0000, 0,
            0xF92D, 0x4F86, 0x0000, 0, 0xF92E, 0x51B7, 0x0000, 0, 0xF92F, 0x52DE, 0x0000, 0, 0xF930, 0x64C4, 0x0000, 0,
            0xF931, 0x6AD3, 0x0000, 0, 0xF932, 0x7210, 0x0000, 0, 0xF933, 0x76E7, 0x0000, 0, 0xF934, 0x8001, 0x0000, 0,
            0xF935, 0x8606, 0x0000, 0, 0xF936, 0x865C, 0x0000, 0, 0xF937, 0x8DEF, 0x0000, 0, 0xF938, 0x9732, 0x0000, 0,
            0xF939, 0x9B6F, 0x0000, 0, 0xF93A, 0x9DFA, 0x0000, 0, 0xF93B, 0x788C, 0x0000, 0, 0xF93C, 0x797F, 0x0000, 0,
            0xF93D, 0x7DA0, 0x0000, 0, 0xF93E, 0x83C9, 0x0000, 0, 0xF93F, 0x9304, 0x0000, 0, 0xF940, 0x9E7F, 0x0000, 0,
            0xF941, 0x8AD6, 0x0000, 0, 0xF942, 0x58DF, 0x0000, 0, 0xF943, 0x5F04, 0x0000, 0, 0xF944, 0x7C60, 0x0000, 0,
            0xF945, 0x807E, 0x0000, 0, 0xF946, 0x7262, 0x0000, 0, 0xF947, 0x78CA, 0x0000, 0, 0xF948, 0x8CC2, 0x0000, 0,
            0xF949, 0x96F7, 0x0000, 0, 0xF94A, 0x58D8, 0x0000, 0, 0xF94B, 0x5C62, 0x0000, 0, 0xF94C, 0x6A13, 0x0000, 0,
            0xF94D, 0x6DDA, 0x0000, 0, 0xF94E, 0x6F0F, 0x0000, 0, 0xF94F, 0x7D2F, 0x0000, 0, 0xF950, 0x7E37, 0x0000, 0,
            0xF951, 0x964B, 0x0000, 0, 0xF952, 0x52D2, 0x0000, 0, 0xF953, 0x808B, 0x0000, 0, 0xF954, 0x51DC, 0x0000, 0,
            0xF955, 0x51CC, 0x0000, 0, 0xF956, 0x7A1C, 0x0000, 0, 0xF957, 0x7DBE, 0x0000, 0, 0xF958, 0x83F1, 0x0000, 0,
            0xF959, 0x9675, 0x0000, 0, 0xF95A, 0x8B80, 0x0000, 0, 0xF95B, 0x62CF, 0x0000, 0, 0xF95C, 0x6A02, 0x0000, 0,
            0xF95D, 0x8AFE, 0x0000, 0, 0xF95E, 0x4E39, 0x0000, 0, 0xF95F, 0x5BE7, 0x0000, 0, 0xF960, 0x6012, 0x0000, 0,
            0xF961, 0x7387, 0x0000, 0, 0xF962, 0x7570, 0x0000, 0, 0xF963, 0x5317, 0x0000, 0, 0xF964, 0x78FB, 0x0000, 0,
            0xF965, 0x4FBF, 0x0000, 0, 0xF966, 0x5FA9, 0x0000, 0, 0xF967, 0x4E0D, 0x0000, 0, 0xF968, 0x6CCC, 0x0000, 0,
            0xF969, 0x6578, 0x0000, 0, 0xF96A, 0x7D22, 0x0000, 0, 0xF96B, 0x53C3, 0x0000, 0, 0xF96C, 0x585E, 0x0000, 0,
            0xF96D, 0x7701, 0x0000, 0, 0xF96E, 0x8449, 0x0000, 0, 0xF96F, 0x8AAA, 0x0000, 0, 0xF970, 0x6BBA, 0x0000, 0,
            0xF971, 0x8FB0, 0x0000, 0, 0xF972, 0x6C88, 0x0000, 0, 0xF973, 0x62FE, 0x0000, 0, 0xF974, 0x82E5, 0x0000, 0,
            0xF975, 0x63A0, 0x0000, 0, 0xF976, 0x7565, 0x0000, 0, 0xF977, 0x4EAE, 0x0000, 0, 0xF978, 0x5169, 0x0000, 0,
            0xF979, 0x51C9, 0x0000, 0, 0xF97A, 0x6881, 0x0000, 0, 0xF97B, 0x7CE7, 0x0000, 0, 0xF97C, 0x826F, 0x0000, 0,
            0xF97D, 0x8AD2, 0x0000, 0, 0xF97E, 0x91CF, 0x0000, 0, 0xF97F, 0x52F5, 0x0000, 0, 0xF980, 0x5442, 0x0000, 0,
            0xF981, 0x5973, 0x0000, 0, 0xF982, 0x5EEC, 0x0000, 0, 0xF983, 0x65C5, 0x0000, 0, 0xF984, 0x6FFE, 0x0000, 0,
            0xF985, 0x792A, 0x0000, 0, 0xF986, 0x95AD, 0x0000, 0, 0xF987, 0x9A6A, 0x0000, 0, 0xF988, 0x9E97, 0x0000, 0,
            0xF989, 0x9ECE, 0x0000, 0, 0xF98A, 0x529B, 0x0000, 0, 0xF98B, 0x66C6, 0x0000, 0, 0xF98C, 0x6B77, 0x0000, 0,
            0xF98D, 0x8F62, 0x0000, 0, 0xF98E, 0x5E74, 0x0000, 0, 0xF98F, 0x6190, 0x0000, 0, 0xF990, 0x6200, 0x0000, 0,
            0xF991, 0x649A, 0x0000, 0, 0xF992, 0x6F23, 0x0000, 0, 0xF993, 0x7149, 0x0000, 0, 0xF994, 0x7489, 0x0000, 0,
            0xF995, 0x79CA, 0x0000, 0, 0xF996, 0x7DF4, 0x0000, 0, 0xF997, 0x806F, 0x0000, 0, 0xF998, 0x8F26, 0x0000, 0,
            0xF999, 0x84EE, 0x0000, 0, 0xF99A, 0x9023, 0x0000, 0, 0xF99B, 0x934A, 0x0000, 0, 0xF99C, 0x5217, 0x0000, 0,
            0xF99D, 0x52A3, 0x0000, 0, 0xF99E, 0x54BD, 0x0000, 0, 0xF99F, 0x70C8, 0x0000, 0, 0xF9A0, 0x88C2, 0x0000, 0,
            0xF9A1, 0x8AAA, 0x0000, 0, 0xF9A2, 0x5EC9, 0x0000, 0, 0xF9A3, 0x5FF5, 0x0000, 0, 0xF9A4, 0x637B, 0x0000, 0,
            0xF9A5, 0x6BAE, 0x0000, 0, 0xF9A6, 0x7C3E, 0x0000, 0, 0xF9A7, 0x7375, 0x0000, 0, 0xF9A8, 0x4EE4, 0x0000, 0,
            0xF9A9, 0x56F9, 0x0000, 0, 0xF9AA, 0x5BE7, 0x0000, 0, 0xF9AB, 0x5DBA, 0x0000, 0, 0xF9AC, 0x601C, 0x0000, 0,
            0xF9AD, 0x73B2, 0x0000, 0, 0xF9AE, 0x7469, 0x0000, 0, 0xF9AF, 0x7F9A, 0x0000, 0, 0xF9B0, 0x8046, 0x0000, 0,
            0xF9B1, 0x9234, 0x0000, 0, 0xF9B2, 0x96F6, 0x0000, 0, 0xF9B3, 0x9748, 0x0000, 0, 0xF9B4, 0x9818, 0x0000, 0,
            0xF9B5, 0x4F8B, 0x0000, 0, 0xF9B6, 0x79AE, 0x0000, 0, 0xF9B7, 0x91B4, 0x0000, 0, 0xF9B8, 0x96B8, 0x0000, 0,
            0xF9B9, 0x60E1, 0x0000, 0, 0xF9BA, 0x4E86, 0x0000, 0, 0xF9BB, 0x50DA, 0x0000, 0, 0xF9BC, 0x5BEE, 0x0000, 0,
            0xF9BD, 0x5C3F, 0x0000, 0, 0xF9BE, 0x6599, 0x0000, 0, 0xF9BF, 0x6A02, 0x0000, 0, 0xF9C0, 0x71CE, 0x0000, 0,
            0xF9C1, 0x7642, 0x0000, 0, 0xF9C2, 0x84FC, 0x0000, 0, 0xF9C3, 0x907C, 0x0000, 0, 0xF9C4, 0x9F8D, 0x0000, 0,
            0xF9C5, 0x6688, 0x0000, 0, 0xF9C6, 0x962E, 0x0000, 0, 0xF9C7, 0x5289, 0x0000, 0, 0xF9C8, 0x677B, 0x0000, 0,
            0xF9C9, 0x67F3, 0x0000, 0, 0xF9CA, 0x6D41, 0x0000, 0, 0xF9CB, 0x6E9C, 0x0000, 0, 0xF9CC, 0x7409, 0x0000, 0,
            0xF9CD, 0x7559, 0x0000, 0, 0xF9CE, 0x786B, 0x0000, 0, 0xF9CF, 0x7D10, 0x0000, 0, 0xF9D0, 0x985E, 0x0000, 0,
            0xF9D1, 0x516D, 0x0000, 0, 0xF9D2, 0x622E, 0x0000, 0, 0xF9D3, 0x9678, 0x0000, 0, 0xF9D4, 0x502B, 0x0000, 0,
            0xF9D5, 0x5D19, 0x0000, 0, 0xF9D6, 0x6DEA, 0x0000, 0, 0xF9D7, 0x8F2A, 0x0000, 0, 0xF9D8, 0x5F8B, 0x0000, 0,
            0xF9D9, 0x6144, 0x0000, 0, 0xF9DA, 0x6817, 0x0000, 0, 0xF9DB, 0x7387, 0x0000, 0, 0xF9DC, 0x9686, 0x0000, 0,
            0xF9DD, 0x5229, 0x0000, 0, 0xF9DE, 0x540F, 0x0000, 0, 0xF9DF, 0x5C65, 0x0000, 0, 0xF9E0, 0x6613, 0x0000, 0,
            0xF9E1, 0x674E, 0x0000, 0, 0xF9E2, 0x68A8, 0x0000, 0, 0xF9E3, 0x6CE5, 0x0000, 0, 0xF9E4, 0x7406, 0x0000, 0,
            0xF9E5, 0x75E2, 0x0000, 0, 0xF9E6, 0x7F79, 0x0000, 0, 0xF9E7, 0x88CF, 0x0000, 0, 0xF9E8, 0x88E1, 0x0000, 0,
            0xF9E9, 0x91CC, 0x0000, 0, 0xF9EA, 0x96E2, 0x0000, 0, 0xF9EB, 0x533F, 0x0000, 0, 0xF9EC, 0x6EBA, 0x0000, 0,
            0xF9ED, 0x541D, 0x0000, 0, 0xF9EE, 0x71D0, 0x0000, 0, 0xF9EF, 0x7498, 0x0000, 0, 0xF9F0, 0x85FA, 0x0000, 0,
            0xF9F1, 0x96A3, 0x0000, 0, 0xF9F2, 0x9C57, 0x0000, 0, 0xF9F3, 0x9E9F, 0x0000, 0, 0xF9F4, 0x6797, 0x0000, 0,
            0xF9F5, 0x6DCB, 0x0000, 0, 0xF9F6, 0x81E8, 0x0000, 0, 0xF9F7, 0x7ACB, 0x0000, 0, 0xF9F8, 0x7B20, 0x0000, 0,
            0xF9F9, 0x7C92, 0x0000, 0, 0xF9FA, 0x72C0, 0x0000, 0, 0xF9FB, 0x7099, 0x0000, 0, 0xF9FC, 0x8B58, 0x0000, 0,
            0xF9FD, 0x4EC0, 0x0000, 0, 0xF9FE, 0x8336, 0x0000, 0, 0xF9FF, 0x523A, 0x0000, 0, 0xFA00, 0x5207, 0x0000, 0,
            0xFA01, 0x5EA6, 0x0000, 0, 0xFA02, 0x62D3, 0x0000, 0, 0xFA03, 0x7CD6, 0x0000, 0, 0xFA04, 0x5B85, 0x0000, 0,
            0xFA05, 0x6D1E, 0x0000, 0, 0xFA06, 0x66B4, 0x0000, 0, 0xFA07, 0x8F3B, 0x0000, 0, 0xFA08, 0x884C, 0x0000, 0,
            0xFA09, 0x964D, 0x0000, 0, 0xFA0A, 0x898B, 0x0000, 0, 0xFA0B, 0x5ED3, 0x0000, 0, 0xFA0C, 0x5140, 0x0000, 0,
            0xFA0D, 0x55C0, 0x0000, 0, 0xFA10, 0x585A, 0x0000, 0, 0xFA12, 0x6674, 0x0000, 0, 0xFA15, 0x51DE, 0x0000, 0,
            0xFA16, 0x732A, 0x0000, 0, 0xFA17, 0x76CA, 0x0000, 0, 0xFA18, 0x793C, 0x0000, 0, 0xFA19, 0x795E, 0x0000, 0,
            0xFA1A, 0x7965, 0x0000, 0, 0xFA1B, 0x798F, 0x0000, 0, 0xFA1C, 0x9756, 0x0000, 0, 0xFA1D, 0x7CBE, 0x0000, 0,
            0xFA1E, 0x7FBD, 0x0000, 0, 0xFA20, 0x8612, 0x0000, 0, 0xFA22, 0x8AF8, 0x0000, 0, 0xFA25, 0x9038, 0x0000, 0,
            0xFA26, 0x90FD, 0x0000, 0, 0xFA2A, 0x98EF, 0x0000, 0, 0xFA2B, 0x98FC, 0x0000, 0, 0xFA2C, 0x9928, 0x0000, 0,
            0xFA2D, 0x9DB4, 0x0000, 0, 0xFA2E, 0x90DE, 0x0000, 0, 0xFA2F, 0x96B7, 0x0000, 0, 0xFA30, 0x4FAE, 0x0000, 0,
            0xFA31, 0x50E7, 0x0000, 0, 0xFA32, 0x514D, 0x0000, 0, 0xFA33, 0x52C9, 0x0000, 0, 0xFA34, 0x52E4, 0x0000, 0,
            0xFA35, 0x5351, 0x0000, 0, 0xFA36, 0x559D, 0x0000, 0, 0xFA37, 0x5606, 0x0000, 0, 0xFA38, 0x5668, 0x0000, 0,
            0xFA39, 0x5840, 0x0000, 0, 0xFA3A, 0x58A8, 0x0000, 0, 0xFA3B, 0x5C64, 0x0000, 0, 0xFA3C, 0x5C6E, 0x0000, 0,
            0xFA3D, 0x6094, 0x0000, 0, 0xFA3E, 0x6168, 0x0000, 0, 0xFA3F, 0x618E, 0x0000, 0, 0xFA40, 0x61F2, 0x0000, 0,
            0xFA41, 0x654F, 0x0000, 0, 0xFA42, 0x65E2, 0x0000, 0, 0xFA43, 0x6691, 0x0000, 0, 0xFA44, 0x6885, 0x0000, 0,
            0xFA45, 0x6D77, 0x0000, 0, 0xFA46, 0x6E1A, 0x0000, 0, 0xFA47, 0x6F22, 0x0000, 0, 0xFA48, 0x716E, 0x0000, 0,
            0xFA49, 0x722B, 0x0000, 0, 0xFA4A, 0x7422, 0x0000, 0, 0xFA4B, 0x7891, 0x0000, 0, 0xFA4C, 0x793E, 0x0000, 0,
            0xFA4D, 0x7949, 0x0000, 0, 0xFA4E, 0x7948, 0x0000, 0, 0xFA4F, 0x7950, 0x0000, 0, 0xFA50, 0x7956, 0x0000, 0,
            0xFA51, 0x795D, 0x0000, 0, 0xFA52, 0x798D, 0x0000, 0, 0xFA53, 0x798E, 0x0000, 0, 0xFA54, 0x7A40, 0x0000, 0,
            0xFA55, 0x7A81, 0x0000, 0, 0xFA56, 0x7BC0, 0x0000, 0, 0xFA57, 0x7DF4, 0x0000, 0, 0xFA58, 0x7E09, 0x0000, 0,
            0xFA59, 0x7E41, 0x0000, 0, 0xFA5A, 0x7F72, 0x0000, 0, 0xFA5B, 0x8005, 0x0000, 0, 0xFA5C, 0x81ED, 0x0000, 0,
            0xFA5D, 0x8279, 0x0000, 0, 0xFA5E, 0x8279, 0x0000, 0, 0xFA5F, 0x8457, 0x0000, 0, 0xFA60, 0x8910, 0x0000, 0,
            0xFA61, 0x8996, 0x0000, 0, 0xFA62, 0x8B01, 0x0000, 0, 0xFA63, 0x8B39, 0x0000, 0, 0xFA64, 0x8CD3, 0x0000, 0,
            0xFA65, 0x8D08, 0x0000, 0, 0xFA66, 0x8FB6, 0x0000, 0, 0xFA67, 0x9038, 0x0000, 0, 0xFA68, 0x96E3, 0x0000, 0,
            0xFA69, 0x97FF, 0x0000, 0, 0xFA6A, 0x983B, 0x0000, 0, 0xFA6B, 0x6075, 0x0000, 0, 0xFA6C, 0x242EE, 0x0000, 0,
            0xFA6D, 0x8218, 0x0000, 0, 0xFA70, 0x4E26, 0x0000, 0, 0xFA71, 0x51B5, 0x0000, 0, 0xFA72, 0x5168, 0x0000, 0,
            0xFA73, 0x4F80, 0x0000, 0, 0xFA74, 0x5145, 0x0000, 0, 0xFA75, 0x5180, 0x0000, 0, 0xFA76, 0x52C7, 0x0000, 0,
            0xFA77, 0x52FA, 0x0000, 0, 0xFA78, 0x559D, 0x0000, 0, 0xFA79, 0x5555, 0x0000, 0, 0xFA7A, 0x5599, 0x0000, 0,
            0xFA7B, 0x55E2, 0x0000, 0, 0xFA7C, 0x585A, 0x0000, 0, 0xFA7D, 0x58B3, 0x0000, 0, 0xFA7E, 0x5944, 0x0000, 0,
            0xFA7F, 0x5954, 0x0000, 0, 0xFA80, 0x5A62, 0x0000, 0, 0xFA81, 0x5B28, 0x0000, 0, 0xFA82, 0x5ED2, 0x0000, 0,
            0xFA83, 0x5ED9, 0x0000, 0, 0xFA84, 0x5F69, 0x0000, 0, 0xFA85, 0x5FAD, 0x0000, 0, 0xFA86, 0x60D8, 0x0000, 0,
            0xFA87, 0x614E, 0x0000, 0, 0xFA88, 0x6108, 0x0000, 0, 0xFA89, 0x618E, 0x0000, 0, 0xFA8A, 0x6160, 0x0000, 0,
            0xFA8B, 0x61F2, 0x0000, 0, 0xFA8C, 0x6234, 0x0000, 0, 0xFA8D, 0x63C4, 0x0000, 0, 0xFA8E, 0x641C, 0x0000, 0,
            0xFA8F, 0x6452, 0x0000, 0, 0xFA90, 0x6556, 0x0000, 0, 0xFA91, 0x6674, 0x0000, 0, 0xFA92, 0x6717, 0x0000, 0,
            0xFA93, 0x671B, 0x0000, 0, 0xFA94, 0x6756, 0x0000, 0, 0xFA95, 0x6B79, 0x0000, 0, 0xFA96, 0x6BBA, 0x0000, 0,
            0xFA97, 0x6D41, 0x0000, 0, 0xFA98, 0x6EDB, 0x0000, 0, 0xFA99, 0x6ECB, 0x0000, 0, 0xFA9A, 0x6F22, 0x0000, 0,
            0xFA9B, 0x701E, 0x0000, 0, 0xFA9C, 0x716E, 0x0000, 0, 0xFA9D, 0x77A7, 0x0000, 0, 0xFA9E, 0x7235, 0x0000, 0,
            0xFA9F, 0x72AF, 0x0000, 0, 0xFAA0, 0x732A, 0x0000, 0, 0xFAA1, 0x7471, 0x0000, 0, 0xFAA2, 0x7506, 0x0000, 0,
            0xFAA3, 0x753B, 0x0000, 0, 0xFAA4, 0x761D, 0x0000, 0, 0xFAA5, 0x761F, 0x0000, 0, 0xFAA6, 0x76CA, 0x0000, 0,
            0xFAA7, 0x76DB, 0x0000, 0, 0xFAA8, 0x76F4, 0x0000, 0, 0xFAA9, 0x774A, 0x0000, 0, 0xFAAA, 0x7740, 0x0000, 0,
            0xFAAB, 0x78CC, 0x0000, 0, 0xFAAC, 0x7AB1, 0x0000, 0, 0xFAAD, 0x7BC0, 0x0000, 0, 0xFAAE, 0x7C7B, 0x0000, 0,
            0xFAAF, 0x7D5B, 0x0000, 0, 0xFAB0, 0x7DF4, 0x0000, 0, 0xFAB1, 0x7F3E, 0x0000, 0, 0xFAB2, 0x8005, 0x0000, 0,
            0xFAB3, 0x8352, 0x0000, 0, 0xFAB4, 0x83EF, 0x0000, 0, 0xFAB5, 0x8779, 0x0000, 0, 0xFAB6, 0x8941, 0x0000, 0,
            0xFAB7, 0x8986, 0x0000, 0, 0xFAB8, 0x8996, 0x0000, 0, 0xFAB9, 0x8ABF, 0x0000, 0, 0xFABA, 0x8AF8, 0x0000, 0,
            0xFABB, 0x8ACB, 0x0000, 0, 0xFABC, 0x8B01, 0x0000, 0, 0xFABD, 0x8AFE, 0x0000, 0, 0xFABE, 0x8AED, 0x0000, 0,
            0xFABF, 0x8B39, 0x0000, 0, 0xFAC0, 0x8B8A, 0x0000, 0, 0xFAC1, 0x8D08, 0x0000, 0, 0xFAC2, 0x8F38, 0x0000, 0,
            0xFAC3, 0x9072, 0x0000, 0, 0xFAC4, 0x9199, 0x0000, 0, 0xFAC5, 0x9276, 0x0000, 0, 0xFAC6, 0x967C, 0x0000, 0,
            0xFAC7, 0x96E3, 0x0000, 0, 0xFAC8, 0x9756, 0x0000, 0, 0xFAC9, 0x97DB, 0x0000, 0, 0xFACA, 0x97FF, 0x0000, 0,
            0xFACB, 0x980B, 0x0000, 0, 0xFACC, 0x983B, 0x0000, 0, 0xFACD, 0x9B12, 0x0000, 0, 0xFACE, 0x9F9C, 0x0000, 0,
            0xFACF, 0x2284A, 0x0000, 0, 0xFAD0, 0x22844, 0x0000, 0, 0xFAD1, 0x233D5, 0x0000, 0, 0xFAD2, 0x3B9D, 0x0000, 0,
            0xFAD3, 0x4018, 0x0000, 0, 0xFAD4, 0x4039, 0x0000, 0, 0xFAD5, 0x25249, 0x0000, 0, 0xFAD6, 0x25CD0, 0x0000, 0,
            0xFAD7, 0x27ED3, 0x0000, 0, 0xFAD8, 0x9F43, 0x0000, 0, 0xFAD9, 0x9F8E, 0x0000, 0, 0xFB1D, 0x05D9, 0x05B4, 0,
            0xFB1F, 0x05F2, 0x05B7, 0, 0xFB2A, 0x05E9, 0x05C1, 0, 0xFB2B, 0x05E9, 0x05C2, 0, 0xFB2C, 0xFB49, 0x05C1, 0,
            0xFB2D, 0xFB49, 0x05C2, 0, 0xFB2E, 0x05D0, 0x05B7, 0, 0xFB2F, 0x05D0, 0x05B8, 0, 0xFB30, 0x05D0, 0x05BC, 0,
            0xFB31, 0x05D1, 0x05BC, 0, 0xFB32, 0x05D2, 0x05BC, 0, 0xFB33, 0x05D3, 0x05BC, 0, 0xFB34, 0x05D4, 0x05BC, 0,
            0xFB35, 0x05D5, 0x05BC, 0, 0xFB36, 0x05D6, 0x05BC, 0, 0xFB38, 0x05D8, 0x05BC, 0, 0xFB39, 0x05D9, 0x05BC, 0,
            0xFB3A, 0x05DA, 0x05BC, 0, 0xFB3B, 0x05DB, 0x05BC, 0, 0xFB3C, 0x05DC, 0x05BC, 0, 0xFB3E, 0x05DE, 0x05BC, 0,
            0xFB40, 0x05E0, 0x05BC, 0, 0xFB41, 0x05E1, 0x05BC, 0, 0xFB43, 0x05E3, 0x05BC, 0, 0xFB44, 0x05E4, 0x05BC, 0,
            0xFB46, 0x05E6, 0x05BC, 0, 0xFB47, 0x05E7, 0x05BC, 0, 0xFB48, 0x05E8, 0x05BC, 0, 0xFB49, 0x05E9, 0x05BC, 0,
            0xFB4A, 0x05EA, 0x05BC, 0, 0xFB4B, 0x05D5, 0x05B9, 0, 0xFB4C, 0x05D1, 0x05BF, 0, 0xFB4D, 0x05DB, 0x05BF, 0,
            0xFB4E, 0x05E4, 0x05BF, 0, 0x105C9, 0x105D2, 0x0307, 1, 0x105E4, 0x105DA, 0x0307, 1, 0x1109A, 0x11099, 0x110BA, 1,
            0x1109C, 0x1109B, 0x110BA, 1, 0x110AB, 0x110A5, 0x110BA, 1, 0x1112E, 0x11131, 0x11127, 1, 0x1112F, 0x11132, 0x11127, 1,
            0x1134B, 0x11347, 0x1133E, 1, 0x1134C, 0x11347, 0x11357, 1, 0x11383, 0x11382, 0x113C9, 1, 0x11385, 0x11384, 0x113BB, 1,
            0x1138E, 0x1138B, 0x113C2, 1, 0x11391, 0x11390, 0x113C9, 1, 0x113C5, 0x113C2, 0x113C2, 1, 0x113C7, 0x113C2, 0x113B8, 1,
            0x113C8, 0x113C2, 0x113C9, 1, 0x114BB, 0x114B9, 0x114BA, 1, 0x114BC, 0x114B9, 0x114B0, 1, 0x114BE, 0x114B9, 0x114BD, 1,
            0x115BA, 0x115B8, 0x115AF, 1, 0x115BB, 0x115B9, 0x115AF, 1, 0x11938, 0x11935, 0x11930, 1, 0x16121, 0x1611E, 0x1611E, 1,
            0x16122, 0x1611E, 0x16129, 1, 0x16123, 0x1611E, 0x1611F, 1, 0x16124, 0x16129, 0x1611F, 1, 0x16125, 0x1611E, 0x16120, 1,
            0x16126, 0x16121, 0x1611F, 1, 0x16127, 0x16122, 0x1611F, 1, 0x16128, 0x16121, 0x16120, 1, 0x16D68, 0x16D67, 0x16D67, 1,
            0x16D69, 0x16D63, 0x16D67, 1, 0x16D6A, 0x16D69, 0x16D67, 1, 0x1D15E, 0x1D157, 0x1D165, 0, 0x1D15F, 0x1D158, 0x1D165, 0,
            0x1D160, 0x1D15F, 0x1D16E, 0, 0x1D161, 0x1D15F, 0x1D16F, 0, 0x1D162, 0x1D15F, 0x1D170, 0, 0x1D163, 0x1D15F, 0x1D171, 0,
            0x1D164, 0x1D15F, 0x1D172, 0, 0x1D1BB, 0x1D1B9, 0x1D165, 0, 0x1D1BC, 0x1D1BA, 0x1D165, 0, 0x1D1BD, 0x1D1BB, 0x1D16E, 0,
            0x1D1BE, 0x1D1BC, 0x1D16E, 0, 0x1D1BF, 0x1D1BB, 0x1D16F, 0, 0x1D1C0, 0x1D1BC, 0x1D16F, 0, 0x2F800, 0x4E3D, 0x0000, 0,
            0x2F801, 0x4E38, 0x0000, 0, 0x2F802, 0x4E41, 0x0000, 0, 0x2F803, 0x20122, 0x0000, 0, 0x2F804, 0x4F60, 0x0000, 0,
            0x2F805, 0x4FAE, 0x0000, 0, 0x2F806, 0x4FBB, 0x0000, 0, 0x2F807, 0x5002, 0x0000, 0, 0x2F808, 0x507A, 0x0000, 0,
            0x2F809, 0x5099, 0x0000, 0, 0x2F80A, 0x50E7, 0x0000, 0, 0x2F80B, 0x50CF, 0x0000, 0, 0x2F80C, 0x349E, 0x0000, 0,
            0x2F80D, 0x2063A, 0x0000, 0, 0x2F80E, 0x514D, 0x0000, 0, 0x2F80F, 0x5154, 0x0000, 0, 0x2F810, 0x5164, 0x0000, 0,
            0x2F811, 0x5177, 0x0000, 0, 0x2F812, 0x2051C, 0x0000, 0, 0x2F813, 0x34B9, 0x0000, 0, 0x2F814, 0x5167, 0x0000, 0,
            0x2F815, 0x518D, 0x0000, 0, 0x2F816, 0x2054B, 0x0000, 0, 0x2F817, 0x5197, 0x0000, 0, 0x2F818, 0x51A4, 0x0000, 0,
            0x2F819, 0x4ECC, 0x0000, 0, 0x2F81A, 0x51AC, 0x0000, 0, 0x2F81B, 0x51B5, 0x0000, 0, 0x2F81C, 0x291DF, 0x0000, 0,
            0x2F81D, 0x51F5, 0x0000, 0, 0x2F81E, 0x5203, 0x0000, 0, 0x2F81F, 0x34DF, 0x0000, 0, 0x2F820, 0x523B, 0x0000, 0,
            0x2F821, 0x5246, 0x0000, 0, 0x2F822, 0x5272, 0x0000, 0, 0x2F823, 0x5277, 0x0000, 0, 0x2F824, 0x3515, 0x0000, 0,
            0x2F825, 0x52C7, 0x0000, 0, 0x2F826, 0x52C9, 0x0000, 0, 0x2F827, 0x52E4, 0x0000, 0, 0x2F828, 0x52FA, 0x0000, 0,
            0x2F829, 0x5305, 0x0000, 0, 0x2F82A, 0x5306, 0x0000, 0, 0x2F82B, 0x5317, 0x0000, 0, 0x2F82C, 0x5349, 0x0000, 0,
            0x2F82D, 0x5351, 0x0000, 0, 0x2F82E, 0x535A, 0x0000, 0, 0x2F82F, 0x5373, 0x0000, 0, 0x2F830, 0x537D, 0x0000, 0,
            0x2F831, 0x537F, 0x0000, 0, 0x2F832, 0x537F, 0x0000, 0, 0x2F833, 0x537F, 0x0000, 0, 0x2F834, 0x20A2C, 0x0000, 0,
            0x2F835, 0x7070, 0x0000, 0, 0x2F836, 0x53CA, 0x0000, 0, 0x2F837, 0x53DF, 0x0000, 0, 0x2F838, 0x20B63, 0x0000, 0,
            0x2F839, 0x53EB, 0x0000, 0, 0x2F83A, 0x53F1, 0x0000, 0, 0x2F83B, 0x5406, 0x0000, 0, 0x2F83C, 0x549E, 0x0000, 0,
            0x2F83D, 0x5438, 0x0000, 0, 0x2F83E, 0x5448, 0x0000, 0, 0x2F83F, 0x5468, 0x0000, 0, 0x2F840, 0x54A2, 0x0000, 0,
            0x2F841, 0x54F6, 0x0000, 0, 0x2F842, 0x5510, 0x0000, 0, 0x2F843, 0x5553, 0x0000, 0, 0x2F844, 0x5563, 0x0000, 0,
            0x2F845, 0x5584, 0x0000, 0, 0x2F846, 0x5584, 0x0000, 0, 0x2F847, 0x5599, 0x0000, 0, 0x2F848, 0x55AB, 0x0000, 0,
            0x2F849, 0x55B3, 0x0000, 0, 0x2F84A, 0x55C2, 0x0000, 0, 0x2F84B, 0x5716, 0x0000, 0, 0x2F84C, 0x5606, 0x0000, 0,
            0x2F84D, 0x5717, 0x0000, 0, 0x2F84E, 0x5651, 0x0000, 0, 0x2F84F, 0x5674, 0x0000, 0, 0x2F850, 0x5207, 0x0000, 0,
            0x2F851, 0x58EE, 0x0000, 0, 0x2F852, 0x57CE, 0x0000, 0, 0x2F853, 0x57F4, 0x0000, 0, 0x2F854, 0x580D, 0x0000, 0,
            0x2F855, 0x578B, 0x0000, 0, 0x2F856, 0x5832, 0x0000, 0, 0x2F857, 0x5831, 0x0000, 0, 0x2F858, 0x58AC, 0x0000, 0,
            0x2F859, 0x214E4, 0x0000, 0, 0x2F85A, 0x58F2, 0x0000, 0, 0x2F85B, 0x58F7, 0x0000, 0, 0x2F85C, 0x5906, 0x0000, 0,
            0x2F85D, 0x591A, 0x0000, 0, 0x2F85E, 0x5922, 0x0000, 0, 0x2F85F, 0x5962, 0x0000, 0, 0x2F860, 0x216A8, 0x0000, 0,
            0x2F861, 0x216EA, 0x0000, 0, 0x2F862, 0x59EC, 0x0000, 0, 0x2F863, 0x5A1B, 0x0000, 0, 0x2F864, 0x5A27, 0x0000, 0,
            0x2F865, 0x59D8, 0x0000, 0, 0x2F866, 0x5A66, 0x0000, 0, 0x2F867, 0x36EE, 0x0000, 0, 0x2F868, 0x36FC, 0x0000, 0,
            0x2F869, 0x5B08, 0x0000, 0, 0x2F86A, 0x5B3E, 0x0000, 0, 0x2F86B, 0x5B3E, 0x0000, 0, 0x2F86C, 0x219C8, 0x0000, 0,
            0x2F86D, 0x5BC3, 0x0000, 0, 0x2F86E, 0x5BD8, 0x0000, 0, 0x2F86F, 0x5BE7, 0x0000, 0, 0x2F870, 0x5BF3, 0x0000, 0,
            0x2F871, 0x21B18, 0x0000, 0, 0x2F872, 0x5BFF, 0x0000, 0, 0x2F873, 0x5C06, 0x0000, 0, 0x2F874, 0x5F53, 0x0000, 0,
            0x2F875, 0x5C22, 0x0000, 0, 0x2F876, 0x3781, 0x0000, 0, 0x2F877, 0x5C60, 0x0000, 0, 0x2F878, 0x5C6E, 0x0000, 0,
            0x2F879, 0x5CC0, 0x0000, 0, 0x2F87A, 0x5C8D, 0x0000, 0, 0x2F87B, 0x21DE4, 0x0000, 0, 0x2F87C, 0x5D43, 0x0000, 0,
            0x2F87D, 0x21DE6, 0x0000, 0, 0x2F87E, 0x5D6E, 0x0000, 0, 0x2F87F, 0x5D6B, 0x0000, 0, 0x2F880, 0x5D7C, 0x0000, 0,
            0x2F881, 0x5DE1, 0x0000, 0, 0x2F882, 0x5DE2, 0x0000, 0, 0x2F883, 0x382F, 0x0000, 0, 0x2F884, 0x5DFD, 0x0000, 0,
            0x2F885, 0x5E28, 0x0000, 0, 0x2F886, 0x5E3D, 0x0000, 0, 0x2F887, 0x5E69, 0x0000, 0, 0x2F888, 0x3862, 0x0000, 0,
            0x2F889, 0x22183, 0x0000, 0, 0x2F88A, 0x387C, 0x0000, 0, 0x2F88B, 0x5EB0, 0x0000, 0, 0x2F88C, 0x5EB3, 0x0000, 0,
            0x2F88D, 0x5EB6, 0x0000, 0, 0x2F88E, 0x5ECA, 0x0000, 0, 0x2F88F, 0x2A392, 0x0000, 0, 0x2F890, 0x5EFE, 0x0000, 0,
            0x2F891, 0x22331, 0x0000, 0, 0x2F892, 0x22331, 0x0000, 0, 0x2F893, 0x8201, 0x0000, 0, 0x2F894, 0x5F22, 0x0000, 0,
            0x2F895, 0x5F22, 0x0000, 0, 0x2F896, 0x38C7, 0x0000, 0, 0x2F897, 0x232B8, 0x0000, 0, 0x2F898, 0x261DA, 0x0000, 0,
            0x2F899, 0x5F62, 0x0000, 0, 0x2F89A, 0x5F6B, 0x0000, 0, 0x2F89B, 0x38E3, 0x0000, 0, 0x2F89C, 0x5F9A, 0x0000, 0,
            0x2F89D, 0x5FCD, 0x0000, 0, 0x2F89E, 0x5FD7, 0x0000, 0, 0x2F89F, 0x5FF9, 0x0000, 0, 0x2F8A0, 0x6081, 0x0000, 0,
            0x2F8A1, 0x393A, 0x0000, 0, 0x2F8A2, 0x391C, 0x0000, 0, 0x2F8A3, 0x6094, 0x0000, 0, 0x2F8A4, 0x226D4, 0x0000, 0,
            0x2F8A5, 0x60C7, 0x0000, 0, 0x2F8A6, 0x6148, 0x0000, 0, 0x2F8A7, 0x614C, 0x0000, 0, 0x2F8A8, 0x614E, 0x0000, 0,
            0x2F8A9, 0x614C, 0x0000, 0, 0x2F8AA, 0x617A, 0x0000, 0, 0x2F8AB, 0x618E, 0x0000, 0, 0x2F8AC, 0x61B2, 0x0000, 0,
            0x2F8AD, 0x61A4, 0x0000, 0, 0x2F8AE, 0x61AF, 0x0000, 0, 0x2F8AF, 0x61DE, 0x0000, 0, 0x2F8B0, 0x61F2, 0x0000, 0,
            0x2F8B1, 0x61F6, 0x0000, 0, 0x2F8B2, 0x6210, 0x0000, 0, 0x2F8B3, 0x621B, 0x0000, 0, 0x2F8B4, 0x625D, 0x0000, 0,
            0x2F8B5, 0x62B1, 0x0000, 0, 0x2F8B6, 0x62D4, 0x0000, 0, 0x2F8B7, 0x6350, 0x0000, 0, 0x2F8B8, 0x22B0C, 0x0000, 0,
            0x2F8B9, 0x633D, 0x0000, 0, 0x2F8BA, 0x62FC, 0x0000, 0, 0x2F8BB, 0x6368, 0x0000, 0, 0x2F8BC, 0x6383, 0x0000, 0,
            0x2F8BD, 0x63E4, 0x0000, 0, 0x2F8BE, 0x22BF1, 0x0000, 0, 0x2F8BF, 0x6422, 0x0000, 0, 0x2F8C0, 0x63C5, 0x0000, 0,
            0x2F8C1, 0x63A9, 0x0000, 0, 0x2F8C2, 0x3A2E, 0x0000, 0, 0x2F8C3, 0x6469, 0x0000, 0, 0x2F8C4, 0x647E, 0x0000, 0,
            0x2F8C5, 0x649D, 0x0000, 0, 0x2F8C6, 0x6477, 0x0000, 0, 0x2F8C7, 0x3A6C, 0x0000, 0, 0x2F8C8, 0x654F, 0x0000, 0,
            0x2F8C9, 0x656C, 0x0000, 0, 0x2F8CA, 0x2300A, 0x0000, 0, 0x2F8CB, 0x65E3, 0x0000, 0, 0x2F8CC, 0x66F8, 0x0000, 0,
            0x2F8CD, 0x6649, 0x0000, 0, 0x2F8CE, 0x3B19, 0x0000, 0, 0x2F8CF, 0x6691, 0x0000, 0, 0x2F8D0, 0x3B08, 0x0000, 0,
            0x2F8D1, 0x3AE4, 0x0000, 0, 0x2F8D2, 0x5192, 0x0000, 0, 0x2F8D3, 0x5195, 0x0000, 0, 0x2F8D4, 0x6700, 0x0000, 0,
            0x2F8D5, 0x669C, 0x0000, 0, 0x2F8D6, 0x80AD, 0x0000, 0, 0x2F8D7, 0x43D9, 0x0000, 0, 0x2F8D8, 0x6717, 0x0000, 0,
            0x2F8D9, 0x671B, 0x0000, 0, 0x2F8DA, 0x6721, 0x0000, 0, 0x2F8DB, 0x675E, 0x0000, 0, 0x2F8DC, 0x6753, 0x0000, 0,
            0x2F8DD, 0x233C3, 0x0000, 0, 0x2F8DE, 0x3B49, 0x0000, 0, 0x2F8DF, 0x67FA, 0x0000, 0, 0x2F8E0, 0x6785, 0x0000, 0,
            0x2F8E1, 0x6852, 0x0000, 0, 0x2F8E2, 0x6885, 0x0000, 0, 0x2F8E3, 0x2346D, 0x0000, 0, 0x2F8E4, 0x688E, 0x0000, 0,
            0x2F8E5, 0x681F, 0x0000, 0, 0x2F8E6, 0x6914, 0x0000, 0, 0x2F8E7, 0x3B9D, 0x0000, 0, 0x2F8E8, 0x6942, 0x0000, 0,
            0x2F8E9, 0x69A3, 0x0000, 0, 0x2F8EA, 0x69EA, 0x0000, 0, 0x2F8EB, 0x6AA8, 0x0000, 0, 0x2F8EC, 0x236A3, 0x0000, 0,
            0x2F8ED, 0x6ADB, 0x0000, 0, 0x2F8EE, 0x3C18, 0x0000, 0, 0x2F8EF, 0x6B21, 0x0000, 0, 0x2F8F0, 0x238A7, 0x0000, 0,
            0x2F8F1, 0x6B54, 0x0000, 0, 0x2F8F2, 0x3C4E, 0x0000, 0, 0x2F8F3, 0x6B72, 0x0000, 0, 0x2F8F4, 0x6B9F, 0x0000, 0,
            0x2F8F5, 0x6BBA, 0x0000, 0, 0x2F8F6, 0x6BBB, 0x0000, 0, 0x2F8F7, 0x23A8D, 0x0000, 0, 0x2F8F8, 0x21D0B, 0x0000, 0,
            0x2F8F9, 0x23AFA, 0x0000, 0, 0x2F8FA, 0x6C4E, 0x0000, 0, 0x2F8FB, 0x23CBC, 0x0000, 0, 0x2F8FC, 0x6CBF, 0x0000, 0,
            0x2F8FD, 0x6CCD, 0x0000, 0, 0x2F8FE, 0x6C67, 0x0000, 0, 0x2F8FF, 0x6D16, 0x0000, 0, 0x2F900, 0x6D3E, 0x0000, 0,
            0x2F901, 0x6D77, 0x0000, 0, 0x2F902, 0x6D41, 0x0000, 0, 0x2F903, 0x6D69, 0x0000, 0, 0x2F904, 0x6D78, 0x0000, 0,
            0x2F905, 0x6D85, 0x0000, 0, 0x2F906, 0x23D1E, 0x0000, 0, 0x2F907, 0x6D34, 0x0000, 0, 0x2F908, 0x6E2F, 0x0000, 0,
            0x2F909, 0x6E6E, 0x0000, 0, 0x2F90A, 0x3D33, 0x0000, 0, 0x2F90B, 0x6ECB, 0x0000, 0, 0x2F90C, 0x6EC7, 0x0000, 0,
            0x2F90D, 0x23ED1, 0x0000, 0, 0x2F90E, 0x6DF9, 0x0000, 0, 0x2F90F, 0x6F6E, 0x0000, 0, 0x2F910, 0x23F5E, 0x0000, 0,
            0x2F911, 0x23F8E, 0x0000, 0, 0x2F912, 0x6FC6, 0x0000, 0, 0x2F913, 0x7039, 0x0000, 0, 0x2F914, 0x701E, 0x0000, 0,
            0x2F915, 0x701B, 0x0000, 0, 0x2F916, 0x3D96, 0x0000, 0, 0x2F917, 0x704A, 0x0000, 0, 0x2F918, 0x707D, 0x0000, 0,
            0x2F919, 0x7077, 0x0000, 0, 0x2F91A, 0x70AD, 0x0000, 0, 0x2F91B, 0x20525, 0x0000, 0, 0x2F91C, 0x7145, 0x0000, 0,
            0x2F91D, 0x24263, 0x0000, 0, 0x2F91E, 0x719C, 0x0000, 0, 0x2F91F, 0x243AB, 0x0000, 0, 0x2F920, 0x7228, 0x0000, 0,
            0x2F921, 0x7235, 0x0000, 0, 0x2F922, 0x7250, 0x0000, 0, 0x2F923, 0x24608, 0x0000, 0, 0x2F924, 0x7280, 0x0000, 0,
            0x2F925, 0x7295, 0x0000, 0, 0x2F926, 0x24735, 0x0000, 0, 0x2F927, 0x24814, 0x0000, 0, 0x2F928, 0x737A, 0x0000, 0,
            0x2F929, 0x738B, 0x0000, 0, 0x2F92A, 0x3EAC, 0x0000, 0, 0x2F92B, 0x73A5, 0x0000, 0, 0x2F92C, 0x3EB8, 0x0000, 0,
            0x2F92D, 0x3EB8, 0x0000, 0, 0x2F92E, 0x7447, 0x0000, 0, 0x2F92F, 0x745C, 0x0000, 0, 0x2F930, 0x7471, 0x0000, 0,
            0x2F931, 0x7485, 0x0000, 0, 0x2F932, 0x74CA, 0x0000, 0, 0x2F933, 0x3F1B, 0x0000, 0, 0x2F934, 0x7524, 0x0000, 0,
            0x2F935, 0x24C36, 0x0000, 0, 0x2F936, 0x753E, 0x0000, 0, 0x2F937, 0x24C92, 0x0000, 0, 0x2F938, 0x7570, 0x0000, 0,
            0x2F939, 0x2219F, 0x0000, 0, 0x2F93A, 0x7610, 0x0000, 0, 0x2F93B, 0x24FA1, 0x0000, 0, 0x2F93C, 0x24FB8, 0x0000, 0,
            0x2F93D, 0x25044, 0x0000, 0, 0x2F93E, 0x3FFC, 0x0000, 0, 0x2F93F, 0x4008, 0x0000, 0, 0x2F940, 0x76F4, 0x0000, 0,
            0x2F941, 0x250F3, 0x0000, 0, 0x2F942, 0x250F2, 0x0000, 0, 0x2F943, 0x25119, 0x0000, 0, 0x2F944, 0x25133, 0x0000, 0,
            0x2F945, 0x771E, 0x0000, 0, 0x2F946, 0x771F, 0x0000, 0, 0x2F947, 0x771F, 0x0000, 0, 0x2F948, 0x774A, 0x0000, 0,
            0x2F949, 0x4039, 0x0000, 0, 0x2F94A, 0x778B, 0x0000, 0, 0x2F94B, 0x4046, 0x0000, 0, 0x2F94C, 0x4096, 0x0000, 0,
            0x2F94D, 0x2541D, 0x0000, 0, 0x2F94E, 0x784E, 0x0000, 0, 0x2F94F, 0x788C, 0x0000, 0, 0x2F950, 0x78CC, 0x0000, 0,
            0x2F951, 0x40E3, 0x0000, 0, 0x2F952, 0x25626, 0x0000, 0, 0x2F953, 0x7956, 0x0000, 0, 0x2F954, 0x2569A, 0x0000, 0,
            0x2F955, 0x256C5, 0x0000, 0, 0x2F956, 0x798F, 0x0000, 0, 0x2F957, 0x79EB, 0x0000, 0, 0x2F958, 0x412F, 0x0000, 0,
            0x2F959, 0x7A40, 0x0000, 0, 0x2F95A, 0x7A4A, 0x0000, 0, 0x2F95B, 0x7A4F, 0x0000, 0, 0x2F95C, 0x2597C, 0x0000, 0,
            0x2F95D, 0x25AA7, 0x0000, 0, 0x2F95E, 0x25AA7, 0x0000, 0, 0x2F95F, 0x7AEE, 0x0000, 0, 0x2F960, 0x4202, 0x0000, 0,
            0x2F961, 0x25BAB, 0x0000, 0, 0x2F962, 0x7BC6, 0x0000, 0, 0x2F963, 0x7BC9, 0x0000, 0, 0x2F964, 0x4227, 0x0000, 0,
            0x2F965, 0x25C80, 0x0000, 0, 0x2F966, 0x7CD2, 0x0000, 0, 0x2F967, 0x42A0, 0x0000, 0, 0x2F968, 0x7CE8, 0x0000, 0,
            0x2F969, 0x7CE3, 0x0000, 0, 0x2F96A, 0x7D00, 0x0000, 0, 0x2F96B, 0x25F86, 0x0000, 0, 0x2F96C, 0x7D63, 0x0000, 0,
            0x2F96D, 0x4301, 0x0000, 0, 0x2F96E, 0x7DC7, 0x0000, 0, 0x2F96F, 0x7E02, 0x0000, 0, 0x2F970, 0x7E45, 0x0000, 0,
            0x2F971, 0x4334, 0x0000, 0, 0x2F972, 0x26228, 0x0000, 0, 0x2F973, 0x26247, 0x0000, 0, 0x2F974, 0x4359, 0x0000, 0,
            0x2F975, 0x262D9, 0x0000, 0, 0x2F976, 0x7F7A, 0x0000, 0, 0x2F977, 0x2633E, 0x0000, 0, 0x2F978, 0x7F95, 0x0000, 0,
            0x2F979, 0x7FFA, 0x0000, 0, 0x2F97A, 0x8005, 0x0000, 0, 0x2F97B, 0x264DA, 0x0000, 0, 0x2F97C, 0x26523, 0x0000, 0,
            0x2F97D, 0x8060, 0x0000, 0, 0x2F97E, 0x265A8, 0x0000, 0, 0x2F97F, 0x8070, 0x0000, 0, 0x2F980, 0x2335F, 0x0000, 0,
            0x2F981, 0x43D5, 0x0000, 0, 0x2F982, 0x80B2, 0x0000, 0, 0x2F983, 0x8103, 0x0000, 0, 0x2F984, 0x440B, 0x0000, 0,
            0x2F985, 0x813E, 0x0000, 0, 0x2F986, 0x5AB5, 0x0000, 0, 0x2F987, 0x267A7, 0x0000, 0, 0x2F988, 0x267B5, 0x0000, 0,
            0x2F989, 0x23393, 0x0000, 0, 0x2F98A, 0x2339C, 0x0000, 0, 0x2F98B, 0x8201, 0x0000, 0, 0x2F98C, 0x8204, 0x0000, 0,
            0x2F98D, 0x8F9E, 0x0000, 0, 0x2F98E, 0x446B, 0x0000, 0, 0x2F98F, 0x8291, 0x0000, 0, 0x2F990, 0x828B, 0x0000, 0,
            0x2F991, 0x829D, 0x0000, 0, 0x2F992, 0x52B3, 0x0000, 0, 0x2F993, 0x82B1, 0x0000, 0, 0x2F994, 0x82B3, 0x0000, 0,
            0x2F995, 0x82BD, 0x0000, 0, 0x2F996, 0x82E6, 0x0000, 0, 0x2F997, 0x26B3C, 0x0000, 0, 0x2F998, 0x82E5, 0x0000, 0,
            0x2F999, 0x831D, 0x0000, 0, 0x2F99A, 0x8363, 0x0000, 0, 0x2F99B, 0x83AD, 0x0000, 0, 0x2F99C, 0x8323, 0x0000, 0,
            0x2F99D, 0x83BD, 0x0000, 0, 0x2F99E, 0x83E7, 0x0000, 0, 0x2F99F, 0x8457, 0x0000, 0, 0x2F9A0, 0x8353, 0x0000, 0,
            0x2F9A1, 0x83CA, 0x0000, 0, 0x2F9A2, 0x83CC, 0x0000, 0, 0x2F9A3, 0x83DC, 0x0000, 0, 0x2F9A4, 0x26C36, 0x0000, 0,
            0x2F9A5, 0x26D6B, 0x0000, 0, 0x2F9A6, 0x26CD5, 0x0000, 0, 0x2F9A7, 0x452B, 0x0000, 0, 0x2F9A8, 0x84F1, 0x0000, 0,
            0x2F9A9, 0x84F3, 0x0000, 0, 0x2F9AA, 0x8516, 0x0000, 0, 0x2F9AB, 0x273CA, 0x0000, 0, 0x2F9AC, 0x8564, 0x0000, 0,
            0x2F9AD, 0x26F2C, 0x0000, 0, 0x2F9AE, 0x455D, 0x0000, 0, 0x2F9AF, 0x4561, 0x0000, 0, 0x2F9B0, 0x26FB1, 0x0000, 0,
            0x2F9B1, 0x270D2, 0x0000, 0, 0x2F9B2, 0x456B, 0x0000, 0, 0x2F9B3, 0x8650, 0x0000, 0, 0x2F9B4, 0x865C, 0x0000, 0,
            0x2F9B5, 0x8667, 0x0000, 0, 0x2F9B6, 0x8669, 0x0000, 0, 0x2F9B7, 0x86A9, 0x0000, 0, 0x2F9B8, 0x8688, 0x0000, 0,
            0x2F9B9, 0x870E, 0x0000, 0, 0x2F9BA, 0x86E2, 0x0000, 0, 0x2F9BB, 0x8779, 0x0000, 0, 0x2F9BC, 0x8728, 0x0000, 0,
            0x2F9BD, 0x876B, 0x0000, 0, 0x2F9BE, 0x8786, 0x0000, 0, 0x2F9BF, 0x45D7, 0x0000, 0, 0x2F9C0, 0x87E1, 0x0000, 0,
            0x2F9C1, 0x8801, 0x0000, 0, 0x2F9C2, 0x45F9, 0x0000, 0, 0x2F9C3, 0x8860, 0x0000, 0, 0x2F9C4, 0x8863, 0x0000, 0,
            0x2F9C5, 0x27667, 0x0000, 0, 0x2F9C6, 0x88D7, 0x0000, 0, 0x2F9C7, 0x88DE, 0x0000, 0, 0x2F9C8, 0x4635, 0x0000, 0,
            0x2F9C9, 0x88FA, 0x0000, 0, 0x2F9CA, 0x34BB, 0x0000, 0, 0x2F9CB, 0x278AE, 0x0000, 0, 0x2F9CC, 0x27966, 0x0000, 0,
            0x2F9CD, 0x46BE, 0x0000, 0, 0x2F9CE, 0x46C7, 0x0000, 0, 0x2F9CF, 0x8AA0, 0x0000, 0, 0x2F9D0, 0x8AED, 0x0000, 0,
            0x2F9D1, 0x8B8A, 0x0000, 0, 0x2F9D2, 0x8C55, 0x0000, 0, 0x2F9D3, 0x27CA8, 0x0000, 0, 0x2F9D4, 0x8CAB, 0x0000, 0,
            0x2F9D5, 0x8CC1, 0x0000, 0, 0x2F9D6, 0x8D1B, 0x0000, 0, 0x2F9D7, 0x8D77, 0x0000, 0, 0x2F9D8, 0x27F2F, 0x0000, 0,
            0x2F9D9, 0x20804, 0x0000, 0, 0x2F9DA, 0x8DCB, 0x0000, 0, 0x2F9DB, 0x8DBC, 0x0000, 0, 0x2F9DC, 0x8DF0, 0x0000, 0,
            0x2F9DD, 0x208DE, 0x0000, 0, 0x2F9DE, 0x8ED4, 0x0000, 0, 0x2F9DF, 0x8F38, 0x0000, 0, 0x2F9E0, 0x285D2, 0x0000, 0,
            0x2F9E1, 0x285ED, 0x0000, 0, 0x2F9E2, 0x9094, 0x0000, 0, 0x2F9E3, 0x90F1, 0x0000, 0, 0x2F9E4, 0x9111, 0x0000, 0,
            0x2F9E5, 0x2872E, 0x0000, 0, 0x2F9E6, 0x911B, 0x0000, 0, 0x2F9E7, 0x9238, 0x0000, 0, 0x2F9E8, 0x92D7, 0x0000, 0,
            0x2F9E9, 0x92D8, 0x0000, 0, 0x2F9EA, 0x927C, 0x0000, 0, 0x2F9EB, 0x93F9, 0x0000, 0, 0x2F9EC, 0x9415, 0x0000, 0,
            0x2F9ED, 0x28BFA, 0x0000, 0, 0x2F9EE, 0x958B, 0x0000, 0, 0x2F9EF, 0x4995, 0x0000, 0, 0x2F9F0, 0x95B7, 0x0000, 0,
            0x2F9F1, 0x28D77, 0x0000, 0, 0x2F9F2, 0x49E6, 0x0000, 0, 0x2F9F3, 0x96C3, 0x0000, 0, 0x2F9F4, 0x5DB2, 0x0000, 0,
            0x2F9F5, 0x9723, 0x0000, 0, 0x2F9F6, 0x29145, 0x0000, 0, 0x2F9F7, 0x2921A, 0x0000, 0, 0x2F9F8, 0x4A6E, 0x0000, 0,
            0x2F9F9, 0x4A76, 0x0000, 0, 0x2F9FA, 0x97E0, 0x0000, 0, 0x2F9FB, 0x2940A, 0x0000, 0, 0x2F9FC, 0x4AB2, 0x0000, 0,
            0x2F9FD, 0x29496, 0x0000, 0, 0x2F9FE, 0x980B, 0x0000, 0, 0x2F9FF, 0x980B, 0x0000, 0, 0x2FA00, 0x9829, 0x0000, 0,
            0x2FA01, 0x295B6, 0x0000, 0, 0x2FA02, 0x98E2, 0x0000, 0, 0x2FA03, 0x4B33, 0x0000, 0, 0x2FA04, 0x9929, 0x0000, 0,
            0x2FA05, 0x99A7, 0x0000, 0, 0x2FA06, 0x99C2, 0x0000, 0, 0x2FA07, 0x99FE, 0x0000, 0, 0x2FA08, 0x4BCE, 0x0000, 0,
            0x2FA09, 0x29B30, 0x0000, 0, 0x2FA0A, 0x9B12, 0x0000, 0, 0x2FA0B, 0x9C40, 0x0000, 0, 0x2FA0C, 0x9CFD, 0x0000, 0,
            0x2FA0D, 0x4CCE, 0x0000, 0, 0x2FA0E, 0x4CED, 0x0000, 0, 0x2FA0F, 0x9D67, 0x0000, 0, 0x2FA10, 0x2A0CE, 0x0000, 0,
            0x2FA11, 0x4CF8, 0x0000, 0, 0x2FA12, 0x2A105, 0x0000, 0, 0x2FA13, 0x2A20E, 0x0000, 0, 0x2FA14, 0x2A291, 0x0000, 0,
            0x2FA15, 0x9EBB, 0x0000, 0, 0x2FA16, 0x4D56, 0x0000, 0, 0x2FA17, 0x9EF9, 0x0000, 0, 0x2FA18, 0x9EFE, 0x0000, 0,
            0x2FA19, 0x9F05, 0x0000, 0, 0x2FA1A, 0x9F0F, 0x0000, 0, 0x2FA1B, 0x9F16, 0x0000, 0, 0x2FA1C, 0x9F3B, 0x0000, 0,
            0x2FA1D, 0x2A600, 0x0000, 0,
        };

        /// <summary>Default_Ignorable_Code_Point — inclusive ranges, sorted, as (first, last) pairs.</summary>
        internal static readonly int[] DefaultIgnorable =
        {
            0x00AD, 0x00AD, 0x034F, 0x034F, 0x061C, 0x061C, 0x115F, 0x1160,
            0x17B4, 0x17B5, 0x180B, 0x180F, 0x200B, 0x200F, 0x202A, 0x202E,
            0x2060, 0x206F, 0x3164, 0x3164, 0xFE00, 0xFE0F, 0xFEFF, 0xFEFF,
            0xFFA0, 0xFFA0, 0xFFF0, 0xFFF8, 0x1BCA0, 0x1BCA3, 0x1D173, 0x1D17A,
            0xE0000, 0xE0FFF,
        };

        /// <summary>HarfBuzz's Indic-table categories for the Myanmar and Khmer blocks — flattened (code point, category), sorted.</summary>
        internal static class Syllabic
        {
            internal const byte X = 0;
            internal const byte C = 1;
            internal const byte V = 2;
            internal const byte N = 3;
            internal const byte H = 4;
            internal const byte ZWNJ = 5;
            internal const byte ZWJ = 6;
            internal const byte M = 7;
            internal const byte SM = 8;
            internal const byte A = 9;
            internal const byte VD = 10;
            internal const byte PLACEHOLDER = 11;
            internal const byte DOTTEDCIRCLE = 12;
            internal const byte RS = 13;
            internal const byte MPst = 14;
            internal const byte Repha = 15;
            internal const byte Ra = 16;
            internal const byte CM = 17;
            internal const byte Symbol = 18;
            internal const byte CS = 19;
            internal const byte SMPst = 20;
            internal const byte VAbv = 21;
            internal const byte VBlw = 22;
            internal const byte VPre = 23;
            internal const byte VPst = 24;
            internal const byte Robatic = 25;
            internal const byte Xgroup = 26;
            internal const byte Ygroup = 27;
            internal const byte As = 28;
            internal const byte MH = 29;
            internal const byte MR = 30;
            internal const byte MW = 31;
            internal const byte MY = 32;
            internal const byte PT = 33;
            internal const byte VS = 34;
            internal const byte ML = 35;
        }

        internal static readonly int[] MyanmarKhmerCategories =
        {
            0x00A0, 11, 0x1000, 1, 0x1001, 1, 0x1002, 1, 0x1003, 1, 0x1004, 16, 0x1005, 1, 0x1006, 1,
            0x1007, 1, 0x1008, 1, 0x1009, 1, 0x100A, 1, 0x100B, 1, 0x100C, 1, 0x100D, 1, 0x100E, 1,
            0x100F, 1, 0x1010, 1, 0x1011, 1, 0x1012, 1, 0x1013, 1, 0x1014, 1, 0x1015, 1, 0x1016, 1,
            0x1017, 1, 0x1018, 1, 0x1019, 1, 0x101A, 1, 0x101B, 16, 0x101C, 1, 0x101D, 1, 0x101E, 1,
            0x101F, 1, 0x1020, 1, 0x1021, 2, 0x1022, 2, 0x1023, 2, 0x1024, 2, 0x1025, 2, 0x1026, 2,
            0x1027, 2, 0x1028, 2, 0x1029, 2, 0x102A, 2, 0x102B, 24, 0x102C, 24, 0x102D, 21, 0x102E, 21,
            0x102F, 22, 0x1030, 22, 0x1031, 23, 0x1032, 9, 0x1033, 21, 0x1034, 21, 0x1035, 21, 0x1036, 9,
            0x1037, 3, 0x1038, 8, 0x1039, 4, 0x103A, 28, 0x103B, 32, 0x103C, 30, 0x103D, 31, 0x103E, 29,
            0x103F, 1, 0x1040, 11, 0x1041, 11, 0x1042, 11, 0x1043, 11, 0x1044, 11, 0x1045, 11, 0x1046, 11,
            0x1047, 11, 0x1048, 11, 0x1049, 11, 0x104A, 11, 0x104B, 11, 0x104E, 1, 0x1050, 1, 0x1051, 1,
            0x1052, 2, 0x1053, 2, 0x1054, 2, 0x1055, 2, 0x1056, 24, 0x1057, 24, 0x1058, 22, 0x1059, 22,
            0x105A, 16, 0x105B, 1, 0x105C, 1, 0x105D, 1, 0x105E, 32, 0x105F, 32, 0x1060, 35, 0x1061, 1,
            0x1062, 24, 0x1063, 33, 0x1064, 33, 0x1065, 1, 0x1066, 1, 0x1067, 24, 0x1068, 24, 0x1069, 33,
            0x106A, 33, 0x106B, 33, 0x106C, 33, 0x106D, 33, 0x106E, 1, 0x106F, 1, 0x1070, 1, 0x1071, 21,
            0x1072, 21, 0x1073, 21, 0x1074, 21, 0x1075, 1, 0x1076, 1, 0x1077, 1, 0x1078, 1, 0x1079, 1,
            0x107A, 1, 0x107B, 1, 0x107C, 1, 0x107D, 1, 0x107E, 1, 0x107F, 1, 0x1080, 1, 0x1081, 1,
            0x1082, 31, 0x1083, 24, 0x1084, 23, 0x1085, 21, 0x1086, 21, 0x1087, 8, 0x1088, 8, 0x1089, 8,
            0x108A, 8, 0x108B, 8, 0x108C, 8, 0x108D, 8, 0x108E, 1, 0x108F, 8, 0x1090, 11, 0x1091, 11,
            0x1092, 11, 0x1093, 11, 0x1094, 11, 0x1095, 11, 0x1096, 11, 0x1097, 11, 0x1098, 11, 0x1099, 11,
            0x109A, 8, 0x109B, 8, 0x109C, 8, 0x109D, 21, 0x1780, 1, 0x1781, 1, 0x1782, 1, 0x1783, 1,
            0x1784, 1, 0x1785, 1, 0x1786, 1, 0x1787, 1, 0x1788, 1, 0x1789, 1, 0x178A, 1, 0x178B, 1,
            0x178C, 1, 0x178D, 1, 0x178E, 1, 0x178F, 1, 0x1790, 1, 0x1791, 1, 0x1792, 1, 0x1793, 1,
            0x1794, 1, 0x1795, 1, 0x1796, 1, 0x1797, 1, 0x1798, 1, 0x1799, 1, 0x179A, 16, 0x179B, 1,
            0x179C, 1, 0x179D, 1, 0x179E, 1, 0x179F, 1, 0x17A0, 1, 0x17A1, 1, 0x17A2, 1, 0x17A3, 2,
            0x17A4, 2, 0x17A5, 2, 0x17A6, 2, 0x17A7, 2, 0x17A8, 2, 0x17A9, 2, 0x17AA, 2, 0x17AB, 2,
            0x17AC, 2, 0x17AD, 2, 0x17AE, 2, 0x17AF, 2, 0x17B0, 2, 0x17B1, 2, 0x17B2, 2, 0x17B3, 2,
            0x17B6, 24, 0x17B7, 21, 0x17B8, 21, 0x17B9, 21, 0x17BA, 21, 0x17BB, 22, 0x17BC, 22, 0x17BD, 22,
            0x17BE, 21, 0x17BF, 24, 0x17C0, 24, 0x17C1, 23, 0x17C2, 23, 0x17C3, 23, 0x17C4, 24, 0x17C5, 24,
            0x17C6, 26, 0x17C7, 27, 0x17C8, 27, 0x17C9, 25, 0x17CA, 25, 0x17CB, 26, 0x17CC, 25, 0x17CD, 26,
            0x17CE, 26, 0x17CF, 26, 0x17D0, 26, 0x17D1, 26, 0x17D2, 4, 0x17D3, 27, 0x17D9, 11, 0x17DC, 18,
            0x17DD, 27, 0x17E0, 11, 0x17E1, 11, 0x17E2, 11, 0x17E3, 11, 0x17E4, 11, 0x17E5, 11, 0x17E6, 11,
            0x17E7, 11, 0x17E8, 11, 0x17E9, 11, 0x200C, 5, 0x200D, 6, 0x2015, 11, 0x2022, 11, 0x25CC, 12,
            0x25FB, 11, 0x25FC, 11, 0x25FD, 11, 0x25FE, 11, 0xA9E0, 1, 0xA9E1, 1, 0xA9E2, 1, 0xA9E3, 1,
            0xA9E4, 1, 0xA9E5, 21, 0xA9E7, 1, 0xA9E8, 1, 0xA9E9, 1, 0xA9EA, 1, 0xA9EB, 1, 0xA9EC, 1,
            0xA9ED, 1, 0xA9EE, 1, 0xA9EF, 1, 0xA9F0, 11, 0xA9F1, 11, 0xA9F2, 11, 0xA9F3, 11, 0xA9F4, 11,
            0xA9F5, 11, 0xA9F6, 11, 0xA9F7, 11, 0xA9F8, 11, 0xA9F9, 11, 0xA9FA, 1, 0xA9FB, 1, 0xA9FC, 1,
            0xA9FD, 1, 0xA9FE, 1, 0xAA60, 1, 0xAA61, 1, 0xAA62, 1, 0xAA63, 1, 0xAA64, 1, 0xAA65, 1,
            0xAA66, 1, 0xAA67, 1, 0xAA68, 1, 0xAA69, 1, 0xAA6A, 1, 0xAA6B, 1, 0xAA6C, 1, 0xAA6D, 1,
            0xAA6E, 1, 0xAA6F, 1, 0xAA71, 1, 0xAA72, 1, 0xAA73, 1, 0xAA74, 11, 0xAA75, 11, 0xAA76, 11,
            0xAA7A, 1, 0xAA7B, 33, 0xAA7C, 3, 0xAA7D, 3, 0xAA7E, 1, 0xAA7F, 1, 0x116D0, 11, 0x116D1, 11,
            0x116D2, 11, 0x116D3, 11, 0x116D4, 11, 0x116D5, 11, 0x116D6, 11, 0x116D7, 11, 0x116D8, 11, 0x116D9, 11,
            0x116DA, 11, 0x116DB, 11, 0x116DC, 11, 0x116DD, 11, 0x116DE, 11, 0x116DF, 11, 0x116E0, 11, 0x116E1, 11,
            0x116E2, 11, 0x116E3, 11,
        };

        /// <summary>Universal Shaping Engine categories (HarfBuzz's values) — runs (first, last, category), sorted. Unlisted = O.</summary>
        internal static class Use
        {
            internal const byte O = 0;
            internal const byte B = 1;
            internal const byte N = 4;
            internal const byte GB = 5;
            internal const byte CGJ = 6;
            internal const byte SUB = 11;
            internal const byte H = 12;
            internal const byte HN = 13;
            internal const byte ZWNJ = 14;
            internal const byte WJ = 16;
            internal const byte R = 18;
            internal const byte VPre = 22;
            internal const byte VMPre = 23;
            internal const byte FAbv = 24;
            internal const byte FBlw = 25;
            internal const byte FPst = 26;
            internal const byte MAbv = 27;
            internal const byte MBlw = 28;
            internal const byte MPst = 29;
            internal const byte MPre = 30;
            internal const byte CMAbv = 31;
            internal const byte CMBlw = 32;
            internal const byte VAbv = 33;
            internal const byte VBlw = 34;
            internal const byte VPst = 35;
            internal const byte VMAbv = 37;
            internal const byte VMBlw = 38;
            internal const byte VMPst = 39;
            internal const byte SMAbv = 41;
            internal const byte SMBlw = 42;
            internal const byte CS = 43;
            internal const byte IS = 44;
            internal const byte FMAbv = 45;
            internal const byte FMBlw = 46;
            internal const byte FMPst = 47;
            internal const byte Sk = 48;
            internal const byte G = 49;
            internal const byte J = 50;
            internal const byte SB = 51;
            internal const byte SE = 52;
            internal const byte HVM = 53;
            internal const byte HM = 54;
            internal const byte HR = 55;
            internal const byte RK = 56;
        }

        internal static readonly int[] UseCategories =
        {
            0x00A0, 0x00A0, 5, 0x034F, 0x034F, 6, 0x07CA, 0x07EA, 1, 0x07EB, 0x07F3, 37, 0x07FA, 0x07FA, 1, 0x07FD, 0x07FD, 37,
            0x0840, 0x0858, 1, 0x0859, 0x085B, 32, 0x0F00, 0x0F01, 1, 0x0F04, 0x0F06, 1, 0x0F18, 0x0F19, 34, 0x0F20, 0x0F33, 1,
            0x0F35, 0x0F35, 46, 0x0F37, 0x0F37, 46, 0x0F39, 0x0F39, 31, 0x0F3E, 0x0F3E, 35, 0x0F3F, 0x0F3F, 22, 0x0F40, 0x0F47, 1,
            0x0F49, 0x0F6C, 1, 0x0F71, 0x0F71, 32, 0x0F72, 0x0F72, 34, 0x0F73, 0x0F74, 33, 0x0F75, 0x0F75, 34, 0x0F76, 0x0F79, 33,
            0x0F7A, 0x0F7D, 34, 0x0F7E, 0x0F7E, 37, 0x0F80, 0x0F80, 34, 0x0F81, 0x0F81, 33, 0x0F82, 0x0F83, 37, 0x0F84, 0x0F84, 34,
            0x0F86, 0x0F87, 37, 0x0F88, 0x0F8C, 1, 0x0F8D, 0x0F97, 11, 0x0F99, 0x0FBC, 11, 0x0FC6, 0x0FC6, 46, 0x1700, 0x1711, 1,
            0x1712, 0x1712, 33, 0x1713, 0x1714, 34, 0x1715, 0x1715, 35, 0x171F, 0x1731, 1, 0x1732, 0x1732, 33, 0x1733, 0x1733, 34,
            0x1734, 0x1734, 35, 0x1740, 0x1751, 1, 0x1752, 0x1752, 33, 0x1753, 0x1753, 34, 0x1760, 0x176C, 1, 0x176E, 0x1770, 1,
            0x1772, 0x1772, 33, 0x1773, 0x1773, 34, 0x1800, 0x1800, 1, 0x1807, 0x1807, 1, 0x180A, 0x180A, 1, 0x180B, 0x180D, 6,
            0x180E, 0x180E, 16, 0x180F, 0x180F, 6, 0x1820, 0x1878, 1, 0x1880, 0x1884, 5, 0x1885, 0x1886, 31, 0x1887, 0x18A8, 1,
            0x18A9, 0x18A9, 32, 0x18AA, 0x18AA, 1, 0x1900, 0x191E, 1, 0x1920, 0x1921, 33, 0x1922, 0x1922, 34, 0x1923, 0x1924, 35,
            0x1925, 0x1928, 33, 0x1929, 0x192B, 11, 0x1930, 0x1931, 26, 0x1932, 0x1932, 38, 0x1933, 0x1938, 26, 0x1939, 0x1939, 25,
            0x193A, 0x193A, 37, 0x193B, 0x193B, 46, 0x1946, 0x196D, 1, 0x1970, 0x1974, 1, 0x1A00, 0x1A16, 1, 0x1A17, 0x1A18, 33,
            0x1A19, 0x1A19, 22, 0x1A1A, 0x1A1A, 35, 0x1A1B, 0x1A1B, 33, 0x1A20, 0x1A54, 1, 0x1A55, 0x1A55, 30, 0x1A56, 0x1A56, 28,
            0x1A57, 0x1A57, 11, 0x1A58, 0x1A59, 24, 0x1A5A, 0x1A5A, 27, 0x1A5B, 0x1A5E, 11, 0x1A60, 0x1A60, 48, 0x1A61, 0x1A61, 35,
            0x1A62, 0x1A62, 33, 0x1A63, 0x1A64, 35, 0x1A65, 0x1A68, 33, 0x1A69, 0x1A6A, 34, 0x1A6B, 0x1A6B, 33, 0x1A6C, 0x1A6C, 34,
            0x1A6D, 0x1A6D, 35, 0x1A6E, 0x1A72, 22, 0x1A73, 0x1A73, 33, 0x1A74, 0x1A79, 37, 0x1A7A, 0x1A7A, 33, 0x1A7B, 0x1A7C, 37,
            0x1A7F, 0x1A7F, 38, 0x1A80, 0x1A89, 1, 0x1A90, 0x1A99, 1, 0x1B00, 0x1B02, 37, 0x1B03, 0x1B03, 24, 0x1B04, 0x1B04, 39,
            0x1B05, 0x1B33, 1, 0x1B34, 0x1B34, 31, 0x1B35, 0x1B35, 35, 0x1B36, 0x1B37, 33, 0x1B38, 0x1B3B, 34, 0x1B3C, 0x1B3D, 33,
            0x1B3E, 0x1B41, 22, 0x1B42, 0x1B43, 33, 0x1B44, 0x1B44, 12, 0x1B45, 0x1B4C, 1, 0x1B50, 0x1B59, 1, 0x1B6B, 0x1B73, 41,
            0x1B80, 0x1B80, 37, 0x1B81, 0x1B81, 24, 0x1B82, 0x1B82, 39, 0x1B83, 0x1BA0, 1, 0x1BA1, 0x1BA3, 11, 0x1BA4, 0x1BA4, 33,
            0x1BA5, 0x1BA5, 34, 0x1BA6, 0x1BA6, 22, 0x1BA7, 0x1BA7, 35, 0x1BA8, 0x1BA9, 33, 0x1BAA, 0x1BAA, 35, 0x1BAB, 0x1BAB, 44,
            0x1BAC, 0x1BAD, 11, 0x1BAE, 0x1BE5, 1, 0x1BE6, 0x1BE6, 31, 0x1BE7, 0x1BE7, 35, 0x1BE8, 0x1BE9, 33, 0x1BEA, 0x1BEC, 35,
            0x1BED, 0x1BED, 33, 0x1BEE, 0x1BEE, 35, 0x1BEF, 0x1BEF, 33, 0x1BF0, 0x1BF1, 24, 0x1BF2, 0x1BF3, 56, 0x1C00, 0x1C23, 1,
            0x1C24, 0x1C25, 11, 0x1C26, 0x1C26, 35, 0x1C27, 0x1C29, 22, 0x1C2A, 0x1C2B, 35, 0x1C2C, 0x1C2C, 34, 0x1C2D, 0x1C33, 24,
            0x1C34, 0x1C35, 23, 0x1C36, 0x1C36, 45, 0x1C37, 0x1C37, 32, 0x1C40, 0x1C49, 1, 0x1C4D, 0x1C4F, 1, 0x200C, 0x200C, 14,
            0x200D, 0x200D, 6, 0x2015, 0x2015, 5, 0x2022, 0x2022, 5, 0x2060, 0x2060, 16, 0x25CC, 0x25CC, 1, 0x25FB, 0x25FE, 5,
            0x2D30, 0x2D67, 1, 0x2D6F, 0x2D6F, 1, 0x2D7F, 0x2D7F, 12, 0xA800, 0xA801, 1, 0xA802, 0xA802, 33, 0xA803, 0xA805, 1,
            0xA806, 0xA806, 12, 0xA807, 0xA80A, 1, 0xA80B, 0xA80B, 37, 0xA80C, 0xA822, 1, 0xA823, 0xA824, 35, 0xA825, 0xA825, 34,
            0xA826, 0xA826, 33, 0xA827, 0xA827, 35, 0xA82C, 0xA82C, 34, 0xA840, 0xA873, 1, 0xA880, 0xA881, 39, 0xA882, 0xA8B3, 1,
            0xA8B4, 0xA8B4, 29, 0xA8B5, 0xA8C3, 35, 0xA8C4, 0xA8C4, 12, 0xA8C5, 0xA8C5, 37, 0xA8D0, 0xA8D9, 1, 0xA900, 0xA925, 1,
            0xA926, 0xA92A, 33, 0xA92B, 0xA92D, 38, 0xA930, 0xA946, 1, 0xA947, 0xA949, 34, 0xA94A, 0xA94A, 33, 0xA94B, 0xA94E, 34,
            0xA94F, 0xA951, 24, 0xA952, 0xA952, 26, 0xA953, 0xA953, 35, 0xA980, 0xA981, 37, 0xA982, 0xA982, 24, 0xA983, 0xA983, 39,
            0xA984, 0xA9B2, 1, 0xA9B3, 0xA9B3, 31, 0xA9B4, 0xA9B5, 35, 0xA9B6, 0xA9B7, 33, 0xA9B8, 0xA9B9, 34, 0xA9BA, 0xA9BB, 22,
            0xA9BC, 0xA9BC, 33, 0xA9BD, 0xA9BD, 28, 0xA9BE, 0xA9BE, 29, 0xA9BF, 0xA9BF, 28, 0xA9C0, 0xA9C0, 12, 0xA9D0, 0xA9D9, 1,
            0xAA00, 0xAA28, 1, 0xAA29, 0xAA29, 37, 0xAA2A, 0xAA2C, 33, 0xAA2D, 0xAA2D, 34, 0xAA2E, 0xAA2E, 33, 0xAA2F, 0xAA30, 22,
            0xAA31, 0xAA31, 33, 0xAA32, 0xAA32, 34, 0xAA33, 0xAA33, 29, 0xAA34, 0xAA34, 30, 0xAA35, 0xAA35, 27, 0xAA36, 0xAA36, 28,
            0xAA40, 0xAA42, 1, 0xAA43, 0xAA43, 24, 0xAA44, 0xAA4B, 1, 0xAA4C, 0xAA4C, 24, 0xAA4D, 0xAA4D, 26, 0xAA50, 0xAA59, 1,
            0xAA80, 0xAAAF, 1, 0xAAB0, 0xAAB0, 34, 0xAAB1, 0xAAB1, 1, 0xAAB2, 0xAAB3, 34, 0xAAB4, 0xAAB4, 33, 0xAAB5, 0xAAB6, 1,
            0xAAB7, 0xAAB8, 34, 0xAAB9, 0xAABD, 1, 0xAABE, 0xAABE, 34, 0xAABF, 0xAABF, 37, 0xAAC0, 0xAAC0, 1, 0xAAC1, 0xAAC1, 37,
            0xAAC2, 0xAAC2, 1, 0xAAE0, 0xAAEA, 1, 0xAAEB, 0xAAEB, 22, 0xAAEC, 0xAAEC, 34, 0xAAED, 0xAAED, 33, 0xAAEE, 0xAAEE, 22,
            0xAAEF, 0xAAEF, 35, 0xAAF5, 0xAAF5, 39, 0xAAF6, 0xAAF6, 44, 0xABC0, 0xABE2, 1, 0xABE3, 0xABE4, 35, 0xABE5, 0xABE5, 33,
            0xABE6, 0xABE7, 35, 0xABE8, 0xABE8, 34, 0xABE9, 0xABEA, 35, 0xABEC, 0xABEC, 39, 0xABED, 0xABED, 34, 0xABF0, 0xABF9, 1,
            0xFE00, 0xFE0F, 6, 0x10570, 0x1057A, 1, 0x1057C, 0x1058A, 1, 0x1058C, 0x10592, 1, 0x10594, 0x10595, 1, 0x10597, 0x105A1, 1,
            0x105A3, 0x105B1, 1, 0x105B3, 0x105B9, 1, 0x105BB, 0x105BC, 1, 0x10A00, 0x10A00, 1, 0x10A01, 0x10A03, 34, 0x10A05, 0x10A05, 33,
            0x10A06, 0x10A06, 34, 0x10A0C, 0x10A0C, 35, 0x10A0D, 0x10A0E, 38, 0x10A0F, 0x10A0F, 37, 0x10A10, 0x10A13, 1, 0x10A15, 0x10A17, 1,
            0x10A19, 0x10A35, 1, 0x10A38, 0x10A3A, 32, 0x10A3F, 0x10A3F, 44, 0x10A40, 0x10A48, 1, 0x10AC0, 0x10AC7, 1, 0x10AC9, 0x10AE4, 1,
            0x10AE5, 0x10AE6, 32, 0x10AEB, 0x10AEF, 1, 0x10B80, 0x10B91, 1, 0x10BA9, 0x10BAE, 1, 0x10D00, 0x10D23, 1, 0x10D24, 0x10D26, 37,
            0x10D27, 0x10D27, 31, 0x10D30, 0x10D39, 1, 0x10D4A, 0x10D65, 1, 0x10D69, 0x10D6D, 33, 0x10D6F, 0x10D85, 1, 0x10E80, 0x10EA9, 1,
            0x10EAB, 0x10EAC, 33, 0x10EB0, 0x10EB1, 1, 0x10F30, 0x10F45, 1, 0x10F46, 0x10F50, 38, 0x10F51, 0x10F54, 1, 0x10F70, 0x10F81, 1,
            0x10F82, 0x10F85, 32, 0x10FB0, 0x10FB0, 1, 0x10FB2, 0x10FB6, 1, 0x10FB8, 0x10FBF, 1, 0x10FC1, 0x10FC4, 1, 0x10FC9, 0x10FCB, 1,
            0x11000, 0x11000, 39, 0x11001, 0x11001, 37, 0x11002, 0x11002, 39, 0x11003, 0x11004, 43, 0x11005, 0x11037, 1, 0x11038, 0x1103B, 33,
            0x1103C, 0x11041, 34, 0x11042, 0x11045, 33, 0x11046, 0x11046, 12, 0x11052, 0x11065, 4, 0x11066, 0x1106F, 1, 0x11070, 0x11070, 33,
            0x11071, 0x11072, 1, 0x11073, 0x11074, 33, 0x11075, 0x11075, 1, 0x1107F, 0x1107F, 13, 0x11080, 0x11081, 37, 0x11082, 0x11082, 39,
            0x11083, 0x110AF, 1, 0x110B0, 0x110B0, 35, 0x110B1, 0x110B1, 22, 0x110B2, 0x110B2, 35, 0x110B3, 0x110B4, 34, 0x110B5, 0x110B6, 33,
            0x110B7, 0x110B8, 35, 0x110B9, 0x110B9, 12, 0x110BA, 0x110BA, 32, 0x110C2, 0x110C2, 34, 0x11100, 0x11102, 37, 0x11103, 0x11126, 1,
            0x11127, 0x11129, 34, 0x1112A, 0x1112B, 33, 0x1112C, 0x1112C, 22, 0x1112D, 0x1112D, 34, 0x1112E, 0x1112F, 33, 0x11130, 0x11130, 34,
            0x11131, 0x11132, 33, 0x11133, 0x11133, 44, 0x11134, 0x11134, 31, 0x11136, 0x1113F, 1, 0x11144, 0x11144, 1, 0x11145, 0x11146, 35,
            0x11147, 0x11147, 1, 0x11150, 0x11172, 1, 0x11173, 0x11173, 32, 0x11180, 0x11181, 37, 0x11182, 0x11182, 39, 0x11183, 0x111B2, 1,
            0x111B3, 0x111B3, 35, 0x111B4, 0x111B4, 22, 0x111B5, 0x111B5, 35, 0x111B6, 0x111BB, 34, 0x111BC, 0x111BF, 33, 0x111C0, 0x111C0, 12,
            0x111C1, 0x111C1, 1, 0x111C2, 0x111C3, 18, 0x111C9, 0x111C9, 46, 0x111CA, 0x111CA, 32, 0x111CB, 0x111CB, 33, 0x111CC, 0x111CC, 34,
            0x111CE, 0x111CE, 22, 0x111CF, 0x111CF, 37, 0x111D0, 0x111DA, 1, 0x11200, 0x11211, 1, 0x11213, 0x1122B, 1, 0x1122C, 0x1122E, 35,
            0x1122F, 0x1122F, 34, 0x11230, 0x11233, 33, 0x11234, 0x11234, 37, 0x11235, 0x11235, 12, 0x11236, 0x11237, 31, 0x1123E, 0x1123E, 37,
            0x1123F, 0x11240, 1, 0x11241, 0x11241, 34, 0x11280, 0x11286, 1, 0x11288, 0x11288, 1, 0x1128A, 0x1128D, 1, 0x1128F, 0x1129D, 1,
            0x1129F, 0x112A8, 1, 0x112B0, 0x112DE, 1, 0x112DF, 0x112DF, 37, 0x112E0, 0x112E0, 35, 0x112E1, 0x112E1, 22, 0x112E2, 0x112E2, 35,
            0x112E3, 0x112E4, 34, 0x112E5, 0x112E8, 33, 0x112E9, 0x112E9, 32, 0x112EA, 0x112EA, 34, 0x112F0, 0x112F9, 1, 0x11300, 0x11301, 37,
            0x11302, 0x11303, 39, 0x11305, 0x1130C, 1, 0x1130F, 0x11310, 1, 0x11313, 0x11328, 1, 0x1132A, 0x11330, 1, 0x11332, 0x11333, 1,
            0x11335, 0x11339, 1, 0x1133C, 0x1133C, 32, 0x1133D, 0x1133D, 1, 0x1133E, 0x1133F, 35, 0x11340, 0x11340, 33, 0x11341, 0x11344, 35,
            0x11347, 0x11348, 22, 0x1134B, 0x1134C, 22, 0x1134D, 0x1134D, 12, 0x11357, 0x11357, 35, 0x1135E, 0x11361, 1, 0x11362, 0x11363, 35,
            0x11366, 0x1136C, 37, 0x11370, 0x11374, 37, 0x11380, 0x11389, 1, 0x1138B, 0x1138B, 1, 0x1138E, 0x1138E, 1, 0x11390, 0x113B5, 1,
            0x113B7, 0x113B7, 1, 0x113B8, 0x113B8, 35, 0x113B9, 0x113BA, 33, 0x113BB, 0x113C0, 34, 0x113C2, 0x113C2, 22, 0x113C5, 0x113C5, 22,
            0x113C7, 0x113C8, 22, 0x113C9, 0x113C9, 35, 0x113CA, 0x113CA, 39, 0x113CC, 0x113CD, 39, 0x113CE, 0x113CE, 37, 0x113CF, 0x113CF, 32,
            0x113D0, 0x113D0, 44, 0x113D1, 0x113D1, 18, 0x113D2, 0x113D2, 32, 0x113E1, 0x113E1, 37, 0x113E2, 0x113E2, 38, 0x11400, 0x11434, 1,
            0x11435, 0x11435, 35, 0x11436, 0x11436, 22, 0x11437, 0x11437, 35, 0x11438, 0x1143D, 34, 0x1143E, 0x1143F, 33, 0x11440, 0x11441, 35,
            0x11442, 0x11442, 12, 0x11443, 0x11444, 37, 0x11445, 0x11445, 39, 0x11446, 0x11446, 32, 0x11447, 0x11447, 1, 0x11450, 0x11459, 1,
            0x1145E, 0x1145E, 45, 0x1145F, 0x1145F, 1, 0x11460, 0x11461, 43, 0x11481, 0x114AF, 1, 0x114B0, 0x114B0, 35, 0x114B1, 0x114B1, 22,
            0x114B2, 0x114B2, 35, 0x114B3, 0x114B8, 34, 0x114B9, 0x114B9, 22, 0x114BA, 0x114BA, 33, 0x114BB, 0x114BC, 22, 0x114BD, 0x114BD, 35,
            0x114BE, 0x114BE, 22, 0x114BF, 0x114C0, 37, 0x114C1, 0x114C1, 39, 0x114C2, 0x114C2, 12, 0x114C3, 0x114C3, 32, 0x114C4, 0x114C4, 1,
            0x114D0, 0x114D9, 1, 0x11580, 0x115AE, 1, 0x115AF, 0x115AF, 35, 0x115B0, 0x115B0, 22, 0x115B1, 0x115B1, 35, 0x115B2, 0x115B5, 34,
            0x115B8, 0x115BB, 22, 0x115BC, 0x115BD, 37, 0x115BE, 0x115BE, 39, 0x115BF, 0x115BF, 12, 0x115C0, 0x115C0, 32, 0x115D8, 0x115DB, 1,
            0x115DC, 0x115DD, 34, 0x11600, 0x1162F, 1, 0x11630, 0x11632, 35, 0x11633, 0x11638, 34, 0x11639, 0x1163A, 33, 0x1163B, 0x1163C, 35,
            0x1163D, 0x1163D, 37, 0x1163E, 0x1163E, 39, 0x1163F, 0x1163F, 12, 0x11640, 0x11640, 33, 0x11650, 0x11659, 1, 0x11680, 0x116AA, 1,
            0x116AB, 0x116AB, 37, 0x116AC, 0x116AC, 39, 0x116AD, 0x116AD, 33, 0x116AE, 0x116AE, 22, 0x116AF, 0x116AF, 35, 0x116B0, 0x116B1, 34,
            0x116B2, 0x116B5, 33, 0x116B6, 0x116B6, 12, 0x116B7, 0x116B7, 32, 0x116B8, 0x116B8, 1, 0x116C0, 0x116C9, 1, 0x11700, 0x1171A, 1,
            0x1171D, 0x1171D, 28, 0x1171E, 0x1171E, 30, 0x1171F, 0x1171F, 27, 0x11720, 0x11721, 35, 0x11722, 0x11723, 33, 0x11724, 0x11725, 34,
            0x11726, 0x11726, 22, 0x11727, 0x11727, 33, 0x11728, 0x11728, 34, 0x11729, 0x1172B, 33, 0x11730, 0x1173B, 1, 0x11740, 0x11746, 1,
            0x11800, 0x1182B, 1, 0x1182C, 0x1182C, 35, 0x1182D, 0x1182D, 22, 0x1182E, 0x1182E, 35, 0x1182F, 0x11832, 34, 0x11833, 0x11836, 33,
            0x11837, 0x11837, 37, 0x11838, 0x11838, 39, 0x11839, 0x11839, 12, 0x1183A, 0x1183A, 32, 0x11900, 0x11906, 1, 0x11909, 0x11909, 1,
            0x1190C, 0x11913, 1, 0x11915, 0x11916, 1, 0x11918, 0x1192F, 1, 0x11930, 0x11934, 35, 0x11935, 0x11935, 22, 0x11937, 0x11938, 22,
            0x1193B, 0x1193C, 37, 0x1193D, 0x1193D, 35, 0x1193E, 0x1193E, 44, 0x1193F, 0x1193F, 18, 0x11940, 0x11940, 29, 0x11941, 0x11941, 18,
            0x11942, 0x11942, 29, 0x11943, 0x11943, 32, 0x11950, 0x11959, 1, 0x119A0, 0x119A7, 1, 0x119AA, 0x119D0, 1, 0x119D1, 0x119D1, 35,
            0x119D2, 0x119D2, 22, 0x119D3, 0x119D3, 35, 0x119D4, 0x119D7, 34, 0x119DA, 0x119DB, 33, 0x119DC, 0x119DD, 35, 0x119DE, 0x119DF, 39,
            0x119E0, 0x119E0, 12, 0x119E1, 0x119E1, 1, 0x119E4, 0x119E4, 22, 0x11A00, 0x11A00, 1, 0x11A01, 0x11A01, 33, 0x11A02, 0x11A03, 34,
            0x11A04, 0x11A09, 33, 0x11A0A, 0x11A0A, 34, 0x11A0B, 0x11A32, 1, 0x11A33, 0x11A33, 46, 0x11A34, 0x11A34, 34, 0x11A35, 0x11A38, 37,
            0x11A39, 0x11A39, 39, 0x11A3A, 0x11A3A, 43, 0x11A3B, 0x11A3E, 11, 0x11A3F, 0x11A3F, 5, 0x11A45, 0x11A45, 5, 0x11A47, 0x11A47, 44,
            0x11A50, 0x11A50, 1, 0x11A51, 0x11A51, 33, 0x11A52, 0x11A53, 34, 0x11A54, 0x11A56, 33, 0x11A57, 0x11A58, 35, 0x11A59, 0x11A5B, 34,
            0x11A5C, 0x11A83, 1, 0x11A84, 0x11A89, 18, 0x11A8A, 0x11A95, 25, 0x11A96, 0x11A96, 37, 0x11A97, 0x11A97, 39, 0x11A98, 0x11A98, 31,
            0x11A99, 0x11A99, 44, 0x11A9D, 0x11A9D, 1, 0x11B60, 0x11B60, 33, 0x11B61, 0x11B61, 35, 0x11B62, 0x11B63, 34, 0x11B64, 0x11B64, 33,
            0x11B65, 0x11B65, 35, 0x11B66, 0x11B66, 33, 0x11B67, 0x11B67, 35, 0x11C00, 0x11C08, 1, 0x11C0A, 0x11C2E, 1, 0x11C2F, 0x11C2F, 35,
            0x11C30, 0x11C31, 33, 0x11C32, 0x11C36, 34, 0x11C38, 0x11C3B, 33, 0x11C3C, 0x11C3D, 37, 0x11C3E, 0x11C3E, 39, 0x11C3F, 0x11C3F, 12,
            0x11C40, 0x11C40, 1, 0x11C50, 0x11C6C, 1, 0x11C72, 0x11C8F, 1, 0x11C92, 0x11CA7, 11, 0x11CA9, 0x11CAF, 11, 0x11CB0, 0x11CB0, 34,
            0x11CB1, 0x11CB1, 22, 0x11CB2, 0x11CB2, 34, 0x11CB3, 0x11CB3, 33, 0x11CB4, 0x11CB4, 35, 0x11CB5, 0x11CB6, 37, 0x11D00, 0x11D06, 1,
            0x11D08, 0x11D09, 1, 0x11D0B, 0x11D30, 1, 0x11D31, 0x11D35, 33, 0x11D36, 0x11D36, 34, 0x11D3A, 0x11D3A, 33, 0x11D3C, 0x11D3D, 33,
            0x11D3F, 0x11D3F, 33, 0x11D40, 0x11D41, 37, 0x11D42, 0x11D42, 32, 0x11D43, 0x11D43, 33, 0x11D44, 0x11D44, 34, 0x11D45, 0x11D45, 44,
            0x11D46, 0x11D46, 18, 0x11D47, 0x11D47, 28, 0x11D50, 0x11D59, 1, 0x11D60, 0x11D65, 1, 0x11D67, 0x11D68, 1, 0x11D6A, 0x11D89, 1,
            0x11D8A, 0x11D8E, 35, 0x11D90, 0x11D91, 33, 0x11D93, 0x11D94, 35, 0x11D95, 0x11D95, 37, 0x11D96, 0x11D96, 39, 0x11D97, 0x11D97, 44,
            0x11DA0, 0x11DA9, 1, 0x11EE0, 0x11EF1, 1, 0x11EF2, 0x11EF2, 5, 0x11EF3, 0x11EF3, 33, 0x11EF4, 0x11EF4, 34, 0x11EF5, 0x11EF5, 22,
            0x11EF6, 0x11EF6, 35, 0x11F00, 0x11F01, 37, 0x11F02, 0x11F02, 18, 0x11F03, 0x11F03, 39, 0x11F04, 0x11F10, 1, 0x11F12, 0x11F33, 1,
            0x11F34, 0x11F35, 35, 0x11F36, 0x11F37, 33, 0x11F38, 0x11F3A, 34, 0x11F3E, 0x11F3F, 22, 0x11F40, 0x11F40, 33, 0x11F41, 0x11F41, 35,
            0x11F42, 0x11F42, 44, 0x11F50, 0x11F59, 1, 0x11F5A, 0x11F5A, 31, 0x13000, 0x1342F, 49, 0x13430, 0x13436, 50, 0x13437, 0x13437, 51,
            0x13438, 0x13438, 52, 0x13439, 0x1343B, 50, 0x1343C, 0x1343F, 49, 0x13440, 0x13440, 55, 0x13441, 0x13446, 49, 0x13447, 0x13455, 54,
            0x13460, 0x143FA, 49, 0x16100, 0x1611D, 1, 0x1611E, 0x16129, 33, 0x1612A, 0x1612B, 30, 0x1612C, 0x1612C, 29, 0x1612D, 0x1612D, 37,
            0x1612E, 0x1612E, 28, 0x1612F, 0x1612F, 34, 0x16130, 0x16139, 1, 0x16AC0, 0x16AC9, 1, 0x16B00, 0x16B2F, 1, 0x16B30, 0x16B36, 37,
            0x16D40, 0x16D42, 39, 0x16D43, 0x16D6A, 1, 0x16D6B, 0x16D6C, 35, 0x16D70, 0x16D79, 1, 0x16F00, 0x16F4A, 1, 0x16F4F, 0x16F4F, 32,
            0x16F51, 0x16F87, 34, 0x16F8F, 0x16F92, 38, 0x16FE4, 0x16FE4, 1, 0x18B00, 0x18CD5, 1, 0x18CFF, 0x18CFF, 1, 0x1BC00, 0x1BC6A, 1,
            0x1BC70, 0x1BC7C, 1, 0x1BC80, 0x1BC88, 1, 0x1BC90, 0x1BC99, 1, 0x1BC9D, 0x1BC9E, 32, 0x1E100, 0x1E12C, 1, 0x1E130, 0x1E136, 37,
            0x1E137, 0x1E13D, 1, 0x1E140, 0x1E149, 1, 0x1E14E, 0x1E14F, 1, 0x1E290, 0x1E2AD, 1, 0x1E2AE, 0x1E2AE, 37, 0x1E2C0, 0x1E2EB, 1,
            0x1E2EC, 0x1E2EF, 37, 0x1E2F0, 0x1E2F9, 1, 0x1E4D0, 0x1E4EB, 1, 0x1E4EC, 0x1E4EF, 33, 0x1E4F0, 0x1E4F9, 1, 0x1E5D0, 0x1E5ED, 1,
            0x1E5EE, 0x1E5EF, 34, 0x1E5F0, 0x1E5FA, 1, 0x1E900, 0x1E943, 1, 0x1E944, 0x1E94A, 31, 0x1E94B, 0x1E94B, 1, 0x1E950, 0x1E959, 1,
        };

        /// <summary>Joining types of the scripts that join (the universal engine's, and those HarfBuzz shapes with Arabic) — runs (first, last, type): U=0 C=1 D=2 L=3 R=4 T=5.</summary>
        internal static readonly int[] JoiningTypes =
        {
            0x0600, 0x0604, 5, 0x0610, 0x061A, 5, 0x061C, 0x061C, 5, 0x0620, 0x0620, 2, 0x0622, 0x0625, 4, 0x0626, 0x0626, 2,
            0x0627, 0x0627, 4, 0x0628, 0x0628, 2, 0x0629, 0x0629, 4, 0x062A, 0x062E, 2, 0x062F, 0x0632, 4, 0x0633, 0x063F, 2,
            0x0641, 0x0647, 2, 0x0648, 0x0648, 4, 0x0649, 0x064A, 2, 0x0656, 0x065F, 5, 0x066E, 0x066F, 2, 0x0671, 0x0673, 4,
            0x0675, 0x0677, 4, 0x0678, 0x0687, 2, 0x0688, 0x0699, 4, 0x069A, 0x06BF, 2, 0x06C0, 0x06C0, 4, 0x06C1, 0x06C2, 2,
            0x06C3, 0x06CB, 4, 0x06CC, 0x06CC, 2, 0x06CD, 0x06CD, 4, 0x06CE, 0x06CE, 2, 0x06CF, 0x06CF, 4, 0x06D0, 0x06D1, 2,
            0x06D2, 0x06D3, 4, 0x06D5, 0x06D5, 4, 0x06D6, 0x06DC, 5, 0x06DF, 0x06E4, 5, 0x06E7, 0x06E8, 5, 0x06EA, 0x06ED, 5,
            0x06EE, 0x06EF, 4, 0x06FA, 0x06FC, 2, 0x06FF, 0x06FF, 2, 0x070F, 0x070F, 5, 0x0710, 0x0710, 4, 0x0711, 0x0711, 5,
            0x0712, 0x0714, 2, 0x0715, 0x0719, 4, 0x071A, 0x071D, 2, 0x071E, 0x071E, 4, 0x071F, 0x0727, 2, 0x0728, 0x0728, 4,
            0x0729, 0x0729, 2, 0x072A, 0x072A, 4, 0x072B, 0x072B, 2, 0x072C, 0x072C, 4, 0x072D, 0x072E, 2, 0x072F, 0x072F, 4,
            0x0730, 0x074A, 5, 0x074D, 0x074D, 4, 0x074E, 0x0758, 2, 0x0759, 0x075B, 4, 0x075C, 0x076A, 2, 0x076B, 0x076C, 4,
            0x076D, 0x0770, 2, 0x0771, 0x0771, 4, 0x0772, 0x0772, 2, 0x0773, 0x0774, 4, 0x0775, 0x0777, 2, 0x0778, 0x0779, 4,
            0x077A, 0x077F, 2, 0x07CA, 0x07EA, 2, 0x07EB, 0x07F3, 5, 0x07FA, 0x07FA, 1, 0x07FD, 0x07FD, 5, 0x0840, 0x0840, 4,
            0x0841, 0x0845, 2, 0x0846, 0x0847, 4, 0x0848, 0x0848, 2, 0x0849, 0x0849, 4, 0x084A, 0x0853, 2, 0x0854, 0x0854, 4,
            0x0855, 0x0855, 2, 0x0856, 0x0858, 4, 0x0859, 0x085B, 5, 0x0860, 0x0860, 2, 0x0862, 0x0865, 2, 0x0867, 0x0867, 4,
            0x0868, 0x0868, 2, 0x0869, 0x086A, 4, 0x0870, 0x0882, 4, 0x0883, 0x0885, 1, 0x0886, 0x0886, 2, 0x0889, 0x088D, 2,
            0x088E, 0x088E, 4, 0x088F, 0x088F, 2, 0x0890, 0x0891, 5, 0x0897, 0x089F, 5, 0x08A0, 0x08A9, 2, 0x08AA, 0x08AC, 4,
            0x08AE, 0x08AE, 4, 0x08AF, 0x08B0, 2, 0x08B1, 0x08B2, 4, 0x08B3, 0x08B8, 2, 0x08B9, 0x08B9, 4, 0x08BA, 0x08C8, 2,
            0x08CA, 0x08E1, 5, 0x08E3, 0x08FF, 5, 0x0F18, 0x0F19, 5, 0x0F35, 0x0F35, 5, 0x0F37, 0x0F37, 5, 0x0F39, 0x0F39, 5,
            0x0F71, 0x0F7E, 5, 0x0F80, 0x0F84, 5, 0x0F86, 0x0F87, 5, 0x0F8D, 0x0F97, 5, 0x0F99, 0x0FBC, 5, 0x0FC6, 0x0FC6, 5,
            0x1712, 0x1714, 5, 0x1732, 0x1733, 5, 0x1752, 0x1753, 5, 0x1772, 0x1773, 5, 0x1807, 0x1807, 2, 0x180A, 0x180A, 1,
            0x180B, 0x180F, 5, 0x1820, 0x1878, 2, 0x1885, 0x1886, 5, 0x1887, 0x18A8, 2, 0x18A9, 0x18A9, 5, 0x18AA, 0x18AA, 2,
            0x1920, 0x1922, 5, 0x1927, 0x1928, 5, 0x1932, 0x1932, 5, 0x1939, 0x193B, 5, 0x1A17, 0x1A18, 5, 0x1A1B, 0x1A1B, 5,
            0x1A56, 0x1A56, 5, 0x1A58, 0x1A5E, 5, 0x1A60, 0x1A60, 5, 0x1A62, 0x1A62, 5, 0x1A65, 0x1A6C, 5, 0x1A73, 0x1A7C, 5,
            0x1A7F, 0x1A7F, 5, 0x1B00, 0x1B03, 5, 0x1B34, 0x1B34, 5, 0x1B36, 0x1B3A, 5, 0x1B3C, 0x1B3C, 5, 0x1B42, 0x1B42, 5,
            0x1B6B, 0x1B73, 5, 0x1B80, 0x1B81, 5, 0x1BA2, 0x1BA5, 5, 0x1BA8, 0x1BA9, 5, 0x1BAB, 0x1BAD, 5, 0x1BE6, 0x1BE6, 5,
            0x1BE8, 0x1BE9, 5, 0x1BED, 0x1BED, 5, 0x1BEF, 0x1BF1, 5, 0x1C2C, 0x1C33, 5, 0x1C36, 0x1C37, 5, 0x2D7F, 0x2D7F, 5,
            0xA802, 0xA802, 5, 0xA806, 0xA806, 5, 0xA80B, 0xA80B, 5, 0xA825, 0xA826, 5, 0xA82C, 0xA82C, 5, 0xA840, 0xA871, 2,
            0xA872, 0xA872, 3, 0xA8C4, 0xA8C5, 5, 0xA926, 0xA92D, 5, 0xA947, 0xA951, 5, 0xA980, 0xA982, 5, 0xA9B3, 0xA9B3, 5,
            0xA9B6, 0xA9B9, 5, 0xA9BC, 0xA9BD, 5, 0xAA29, 0xAA2E, 5, 0xAA31, 0xAA32, 5, 0xAA35, 0xAA36, 5, 0xAA43, 0xAA43, 5,
            0xAA4C, 0xAA4C, 5, 0xAAB0, 0xAAB0, 5, 0xAAB2, 0xAAB4, 5, 0xAAB7, 0xAAB8, 5, 0xAABE, 0xAABF, 5, 0xAAC1, 0xAAC1, 5,
            0xAAEC, 0xAAED, 5, 0xAAF6, 0xAAF6, 5, 0xABE5, 0xABE5, 5, 0xABE8, 0xABE8, 5, 0xABED, 0xABED, 5, 0x10A01, 0x10A03, 5,
            0x10A05, 0x10A06, 5, 0x10A0C, 0x10A0F, 5, 0x10A38, 0x10A3A, 5, 0x10A3F, 0x10A3F, 5, 0x10AC0, 0x10AC4, 2, 0x10AC5, 0x10AC5, 4,
            0x10AC7, 0x10AC7, 4, 0x10AC9, 0x10ACA, 4, 0x10ACD, 0x10ACD, 3, 0x10ACE, 0x10AD2, 4, 0x10AD3, 0x10AD6, 2, 0x10AD7, 0x10AD7, 3,
            0x10AD8, 0x10ADC, 2, 0x10ADD, 0x10ADD, 4, 0x10ADE, 0x10AE0, 2, 0x10AE1, 0x10AE1, 4, 0x10AE4, 0x10AE4, 4, 0x10AE5, 0x10AE6, 5,
            0x10AEB, 0x10AEE, 2, 0x10AEF, 0x10AEF, 4, 0x10B80, 0x10B80, 2, 0x10B81, 0x10B81, 4, 0x10B82, 0x10B82, 2, 0x10B83, 0x10B85, 4,
            0x10B86, 0x10B88, 2, 0x10B89, 0x10B89, 4, 0x10B8A, 0x10B8B, 2, 0x10B8C, 0x10B8C, 4, 0x10B8D, 0x10B8D, 2, 0x10B8E, 0x10B8F, 4,
            0x10B90, 0x10B90, 2, 0x10B91, 0x10B91, 4, 0x10BA9, 0x10BAC, 4, 0x10BAD, 0x10BAE, 2, 0x10D00, 0x10D00, 3, 0x10D01, 0x10D21, 2,
            0x10D22, 0x10D22, 4, 0x10D23, 0x10D23, 2, 0x10D24, 0x10D27, 5, 0x10D69, 0x10D6D, 5, 0x10EAB, 0x10EAC, 5, 0x10EC2, 0x10EC2, 4,
            0x10EC3, 0x10EC4, 2, 0x10EC6, 0x10EC7, 2, 0x10ECB, 0x10ECF, 5, 0x10ED9, 0x10EEE, 3, 0x10EF0, 0x10EFF, 5, 0x10F30, 0x10F32, 2,
            0x10F33, 0x10F33, 4, 0x10F34, 0x10F44, 2, 0x10F46, 0x10F50, 5, 0x10F51, 0x10F53, 2, 0x10F54, 0x10F54, 4, 0x10F70, 0x10F73, 2,
            0x10F74, 0x10F75, 4, 0x10F76, 0x10F81, 2, 0x10F82, 0x10F85, 5, 0x10FB0, 0x10FB0, 2, 0x10FB2, 0x10FB3, 2, 0x10FB4, 0x10FB6, 4,
            0x10FB8, 0x10FB8, 2, 0x10FB9, 0x10FBA, 4, 0x10FBB, 0x10FBC, 2, 0x10FBD, 0x10FBD, 4, 0x10FBE, 0x10FBF, 2, 0x10FC1, 0x10FC1, 2,
            0x10FC2, 0x10FC3, 4, 0x10FC4, 0x10FC4, 2, 0x10FC9, 0x10FC9, 4, 0x10FCA, 0x10FCA, 2, 0x10FCB, 0x10FCB, 3, 0x11001, 0x11001, 5,
            0x11038, 0x11046, 5, 0x11070, 0x11070, 5, 0x11073, 0x11074, 5, 0x1107F, 0x11081, 5, 0x110B3, 0x110B6, 5, 0x110B9, 0x110BA, 5,
            0x110BD, 0x110BD, 5, 0x110C2, 0x110C2, 5, 0x110CD, 0x110CD, 5, 0x11100, 0x11102, 5, 0x11127, 0x1112B, 5, 0x1112D, 0x11134, 5,
            0x11173, 0x11173, 5, 0x11180, 0x11181, 5, 0x111B6, 0x111BE, 5, 0x111C9, 0x111CC, 5, 0x111CF, 0x111CF, 5, 0x1122F, 0x11231, 5,
            0x11234, 0x11234, 5, 0x11236, 0x11237, 5, 0x1123E, 0x1123E, 5, 0x11241, 0x11241, 5, 0x112DF, 0x112DF, 5, 0x112E3, 0x112EA, 5,
            0x11300, 0x11301, 5, 0x1133C, 0x1133C, 5, 0x11340, 0x11340, 5, 0x11366, 0x1136C, 5, 0x11370, 0x11374, 5, 0x113BB, 0x113C0, 5,
            0x113CE, 0x113CE, 5, 0x113D0, 0x113D0, 5, 0x113D2, 0x113D2, 5, 0x113E1, 0x113E2, 5, 0x11438, 0x1143F, 5, 0x11442, 0x11444, 5,
            0x11446, 0x11446, 5, 0x1145E, 0x1145E, 5, 0x114B3, 0x114B8, 5, 0x114BA, 0x114BA, 5, 0x114BF, 0x114C0, 5, 0x114C2, 0x114C3, 5,
            0x115B2, 0x115B5, 5, 0x115BC, 0x115BD, 5, 0x115BF, 0x115C0, 5, 0x115DC, 0x115DD, 5, 0x11633, 0x1163A, 5, 0x1163D, 0x1163D, 5,
            0x1163F, 0x11640, 5, 0x116AB, 0x116AB, 5, 0x116AD, 0x116AD, 5, 0x116B0, 0x116B5, 5, 0x116B7, 0x116B7, 5, 0x1171D, 0x1171D, 5,
            0x1171F, 0x1171F, 5, 0x11722, 0x11725, 5, 0x11727, 0x1172B, 5, 0x1182F, 0x11837, 5, 0x11839, 0x1183A, 5, 0x1193B, 0x1193C, 5,
            0x1193E, 0x1193E, 5, 0x11943, 0x11943, 5, 0x119D4, 0x119D7, 5, 0x119DA, 0x119DB, 5, 0x119E0, 0x119E0, 5, 0x11A01, 0x11A0A, 5,
            0x11A33, 0x11A38, 5, 0x11A3B, 0x11A3E, 5, 0x11A47, 0x11A47, 5, 0x11A51, 0x11A56, 5, 0x11A59, 0x11A5B, 5, 0x11A8A, 0x11A96, 5,
            0x11A98, 0x11A99, 5, 0x11B60, 0x11B60, 5, 0x11B62, 0x11B64, 5, 0x11B66, 0x11B66, 5, 0x11C30, 0x11C36, 5, 0x11C38, 0x11C3D, 5,
            0x11C3F, 0x11C3F, 5, 0x11C92, 0x11CA7, 5, 0x11CAA, 0x11CB0, 5, 0x11CB2, 0x11CB3, 5, 0x11CB5, 0x11CB6, 5, 0x11D31, 0x11D36, 5,
            0x11D3A, 0x11D3A, 5, 0x11D3C, 0x11D3D, 5, 0x11D3F, 0x11D45, 5, 0x11D47, 0x11D47, 5, 0x11D90, 0x11D91, 5, 0x11D95, 0x11D95, 5,
            0x11D97, 0x11D97, 5, 0x11EF3, 0x11EF4, 5, 0x11F00, 0x11F01, 5, 0x11F36, 0x11F3A, 5, 0x11F40, 0x11F40, 5, 0x11F42, 0x11F42, 5,
            0x11F5A, 0x11F5A, 5, 0x13430, 0x13440, 5, 0x13447, 0x13455, 5, 0x1611E, 0x16129, 5, 0x1612D, 0x1612F, 5, 0x16B30, 0x16B36, 5,
            0x16F4F, 0x16F4F, 5, 0x16F8F, 0x16F92, 5, 0x16FE4, 0x16FE4, 5, 0x1BC9D, 0x1BC9E, 5, 0x1E130, 0x1E136, 5, 0x1E2AE, 0x1E2AE, 5,
            0x1E2EC, 0x1E2EF, 5, 0x1E4EC, 0x1E4EF, 5, 0x1E5EE, 0x1E5EF, 5, 0x1E6E3, 0x1E6E3, 5, 0x1E6E6, 0x1E6E6, 5, 0x1E6EE, 0x1E6EF, 5,
            0x1E6F5, 0x1E6F5, 5, 0x1E900, 0x1E943, 2, 0x1E944, 0x1E94B, 5,
        };

        /// <summary>Script of every code point — runs (first, last, script), sorted. Unlisted = Unknown.</summary>
        internal static class Script
        {
            internal const int Adlam = 0;
            internal const int Ahom = 1;
            internal const int Anatolian_Hieroglyphs = 2;
            internal const int Arabic = 3;
            internal const int Armenian = 4;
            internal const int Avestan = 5;
            internal const int Balinese = 6;
            internal const int Bamum = 7;
            internal const int Bassa_Vah = 8;
            internal const int Batak = 9;
            internal const int Bengali = 10;
            internal const int Beria_Erfe = 11;
            internal const int Bhaiksuki = 12;
            internal const int Bopomofo = 13;
            internal const int Brahmi = 14;
            internal const int Braille = 15;
            internal const int Buginese = 16;
            internal const int Buhid = 17;
            internal const int Canadian_Aboriginal = 18;
            internal const int Carian = 19;
            internal const int Caucasian_Albanian = 20;
            internal const int Chakma = 21;
            internal const int Cham = 22;
            internal const int Cherokee = 23;
            internal const int Chorasmian = 24;
            internal const int Common = 25;
            internal const int Coptic = 26;
            internal const int Cuneiform = 27;
            internal const int Cypriot = 28;
            internal const int Cypro_Minoan = 29;
            internal const int Cyrillic = 30;
            internal const int Deseret = 31;
            internal const int Devanagari = 32;
            internal const int Dives_Akuru = 33;
            internal const int Dogra = 34;
            internal const int Duployan = 35;
            internal const int Egyptian_Hieroglyphs = 36;
            internal const int Elbasan = 37;
            internal const int Elymaic = 38;
            internal const int Ethiopic = 39;
            internal const int Garay = 40;
            internal const int Georgian = 41;
            internal const int Glagolitic = 42;
            internal const int Gothic = 43;
            internal const int Grantha = 44;
            internal const int Greek = 45;
            internal const int Gujarati = 46;
            internal const int Gunjala_Gondi = 47;
            internal const int Gurmukhi = 48;
            internal const int Gurung_Khema = 49;
            internal const int Han = 50;
            internal const int Hangul = 51;
            internal const int Hanifi_Rohingya = 52;
            internal const int Hanunoo = 53;
            internal const int Hatran = 54;
            internal const int Hebrew = 55;
            internal const int Hiragana = 56;
            internal const int Imperial_Aramaic = 57;
            internal const int Inherited = 58;
            internal const int Inscriptional_Pahlavi = 59;
            internal const int Inscriptional_Parthian = 60;
            internal const int Javanese = 61;
            internal const int Jurchen = 62;
            internal const int Kaithi = 63;
            internal const int Kannada = 64;
            internal const int Katakana = 65;
            internal const int Kawi = 66;
            internal const int Kayah_Li = 67;
            internal const int Kharoshthi = 68;
            internal const int Khitan_Small_Script = 69;
            internal const int Khmer = 70;
            internal const int Khojki = 71;
            internal const int Khudawadi = 72;
            internal const int Kirat_Rai = 73;
            internal const int Lao = 74;
            internal const int Latin = 75;
            internal const int Lepcha = 76;
            internal const int Limbu = 77;
            internal const int Linear_A = 78;
            internal const int Linear_B = 79;
            internal const int Lisu = 80;
            internal const int Lycian = 81;
            internal const int Lydian = 82;
            internal const int Mahajani = 83;
            internal const int Makasar = 84;
            internal const int Malayalam = 85;
            internal const int Mandaic = 86;
            internal const int Manichaean = 87;
            internal const int Marchen = 88;
            internal const int Masaram_Gondi = 89;
            internal const int Medefaidrin = 90;
            internal const int Meetei_Mayek = 91;
            internal const int Mende_Kikakui = 92;
            internal const int Meroitic_Cursive = 93;
            internal const int Meroitic_Hieroglyphs = 94;
            internal const int Miao = 95;
            internal const int Modi = 96;
            internal const int Mongolian = 97;
            internal const int Mro = 98;
            internal const int Multani = 99;
            internal const int Myanmar = 100;
            internal const int Nabataean = 101;
            internal const int Nag_Mundari = 102;
            internal const int Nandinagari = 103;
            internal const int New_Tai_Lue = 104;
            internal const int Newa = 105;
            internal const int Nko = 106;
            internal const int Nushu = 107;
            internal const int Nyiakeng_Puachue_Hmong = 108;
            internal const int Ogham = 109;
            internal const int Ol_Chiki = 110;
            internal const int Ol_Onal = 111;
            internal const int Old_Hungarian = 112;
            internal const int Old_Italic = 113;
            internal const int Old_North_Arabian = 114;
            internal const int Old_Permic = 115;
            internal const int Old_Persian = 116;
            internal const int Old_Sogdian = 117;
            internal const int Old_South_Arabian = 118;
            internal const int Old_Turkic = 119;
            internal const int Old_Uyghur = 120;
            internal const int Oriya = 121;
            internal const int Osage = 122;
            internal const int Osmanya = 123;
            internal const int Pahawh_Hmong = 124;
            internal const int Palmyrene = 125;
            internal const int Pau_Cin_Hau = 126;
            internal const int Phags_Pa = 127;
            internal const int Phoenician = 128;
            internal const int Proto_Cuneiform = 129;
            internal const int Psalter_Pahlavi = 130;
            internal const int Rejang = 131;
            internal const int Runic = 132;
            internal const int Samaritan = 133;
            internal const int Saurashtra = 134;
            internal const int Seal = 135;
            internal const int Sharada = 136;
            internal const int Shavian = 137;
            internal const int Siddham = 138;
            internal const int Sidetic = 139;
            internal const int SignWriting = 140;
            internal const int Sinhala = 141;
            internal const int Sogdian = 142;
            internal const int Sora_Sompeng = 143;
            internal const int Soyombo = 144;
            internal const int Sundanese = 145;
            internal const int Sunuwar = 146;
            internal const int Syloti_Nagri = 147;
            internal const int Syriac = 148;
            internal const int Tagalog = 149;
            internal const int Tagbanwa = 150;
            internal const int Tai_Le = 151;
            internal const int Tai_Tham = 152;
            internal const int Tai_Viet = 153;
            internal const int Tai_Yo = 154;
            internal const int Takri = 155;
            internal const int Tamil = 156;
            internal const int Tangsa = 157;
            internal const int Tangut = 158;
            internal const int Telugu = 159;
            internal const int Thaana = 160;
            internal const int Thai = 161;
            internal const int Tibetan = 162;
            internal const int Tifinagh = 163;
            internal const int Tirhuta = 164;
            internal const int Todhri = 165;
            internal const int Tolong_Siki = 166;
            internal const int Toto = 167;
            internal const int Tulu_Tigalari = 168;
            internal const int Ugaritic = 169;
            internal const int Unknown = 170;
            internal const int Vai = 171;
            internal const int Vithkuqi = 172;
            internal const int Wancho = 173;
            internal const int Warang_Citi = 174;
            internal const int Yezidi = 175;
            internal const int Yi = 176;
            internal const int Zanabazar_Square = 177;
        }

        internal static readonly int[] Scripts =
        {
            0x0000, 0x0040, 25, 0x0041, 0x005A, 75, 0x005B, 0x0060, 25, 0x0061, 0x007A, 75, 0x007B, 0x00A9, 25, 0x00AA, 0x00AA, 75,
            0x00AB, 0x00B9, 25, 0x00BA, 0x00BA, 75, 0x00BB, 0x00BF, 25, 0x00C0, 0x00D6, 75, 0x00D7, 0x00D7, 25, 0x00D8, 0x00F6, 75,
            0x00F7, 0x00F7, 25, 0x00F8, 0x02B8, 75, 0x02B9, 0x02DF, 25, 0x02E0, 0x02E4, 75, 0x02E5, 0x02E9, 25, 0x02EA, 0x02EB, 13,
            0x02EC, 0x02FF, 25, 0x0300, 0x036F, 58, 0x0370, 0x0373, 45, 0x0374, 0x0374, 25, 0x0375, 0x0377, 45, 0x037A, 0x037D, 45,
            0x037E, 0x037E, 25, 0x037F, 0x037F, 45, 0x0384, 0x0384, 45, 0x0385, 0x0385, 25, 0x0386, 0x0386, 45, 0x0387, 0x0387, 25,
            0x0388, 0x038A, 45, 0x038C, 0x038C, 45, 0x038E, 0x03A1, 45, 0x03A3, 0x03E1, 45, 0x03E2, 0x03EF, 26, 0x03F0, 0x03FF, 45,
            0x0400, 0x0484, 30, 0x0485, 0x0486, 58, 0x0487, 0x052F, 30, 0x0531, 0x0556, 4, 0x0558, 0x058F, 4, 0x0591, 0x05C9, 55,
            0x05D0, 0x05EA, 55, 0x05EF, 0x05F4, 55, 0x0600, 0x0604, 3, 0x0605, 0x0605, 25, 0x0606, 0x060B, 3, 0x060C, 0x060C, 25,
            0x060D, 0x061A, 3, 0x061B, 0x061B, 25, 0x061C, 0x061E, 3, 0x061F, 0x061F, 25, 0x0620, 0x063F, 3, 0x0640, 0x0640, 25,
            0x0641, 0x064A, 3, 0x064B, 0x0655, 58, 0x0656, 0x066F, 3, 0x0670, 0x0670, 58, 0x0671, 0x06DC, 3, 0x06DD, 0x06DD, 25,
            0x06DE, 0x06FF, 3, 0x0700, 0x070D, 148, 0x070F, 0x074A, 148, 0x074D, 0x074F, 148, 0x0750, 0x077F, 3, 0x0780, 0x07B1, 160,
            0x07C0, 0x07FA, 106, 0x07FD, 0x07FF, 106, 0x0800, 0x082D, 133, 0x0830, 0x083E, 133, 0x0840, 0x085B, 86, 0x085E, 0x085E, 86,
            0x0860, 0x086A, 148, 0x0870, 0x0891, 3, 0x0897, 0x08E1, 3, 0x08E2, 0x08E2, 25, 0x08E3, 0x08FF, 3, 0x0900, 0x0950, 32,
            0x0951, 0x0954, 58, 0x0955, 0x0963, 32, 0x0964, 0x0965, 25, 0x0966, 0x097F, 32, 0x0980, 0x0983, 10, 0x0985, 0x098C, 10,
            0x098F, 0x0990, 10, 0x0993, 0x09A8, 10, 0x09AA, 0x09B0, 10, 0x09B2, 0x09B2, 10, 0x09B6, 0x09B9, 10, 0x09BC, 0x09C4, 10,
            0x09C7, 0x09C8, 10, 0x09CB, 0x09CE, 10, 0x09D7, 0x09D7, 10, 0x09DC, 0x09DD, 10, 0x09DF, 0x09E3, 10, 0x09E6, 0x09FE, 10,
            0x0A01, 0x0A03, 48, 0x0A05, 0x0A0A, 48, 0x0A0F, 0x0A10, 48, 0x0A13, 0x0A28, 48, 0x0A2A, 0x0A30, 48, 0x0A32, 0x0A33, 48,
            0x0A35, 0x0A36, 48, 0x0A38, 0x0A39, 48, 0x0A3C, 0x0A3C, 48, 0x0A3E, 0x0A42, 48, 0x0A47, 0x0A48, 48, 0x0A4B, 0x0A4D, 48,
            0x0A51, 0x0A51, 48, 0x0A59, 0x0A5C, 48, 0x0A5E, 0x0A5E, 48, 0x0A66, 0x0A76, 48, 0x0A81, 0x0A83, 46, 0x0A85, 0x0A8D, 46,
            0x0A8F, 0x0A91, 46, 0x0A93, 0x0AA8, 46, 0x0AAA, 0x0AB0, 46, 0x0AB2, 0x0AB3, 46, 0x0AB5, 0x0AB9, 46, 0x0ABC, 0x0AC5, 46,
            0x0AC7, 0x0AC9, 46, 0x0ACB, 0x0ACD, 46, 0x0AD0, 0x0AD0, 46, 0x0AE0, 0x0AE3, 46, 0x0AE6, 0x0AF1, 46, 0x0AF9, 0x0AFF, 46,
            0x0B01, 0x0B03, 121, 0x0B05, 0x0B0C, 121, 0x0B0F, 0x0B10, 121, 0x0B13, 0x0B28, 121, 0x0B2A, 0x0B30, 121, 0x0B32, 0x0B33, 121,
            0x0B35, 0x0B39, 121, 0x0B3C, 0x0B44, 121, 0x0B47, 0x0B48, 121, 0x0B4B, 0x0B4D, 121, 0x0B53, 0x0B57, 121, 0x0B5C, 0x0B5D, 121,
            0x0B5F, 0x0B63, 121, 0x0B66, 0x0B77, 121, 0x0B82, 0x0B83, 156, 0x0B85, 0x0B8A, 156, 0x0B8E, 0x0B90, 156, 0x0B92, 0x0B95, 156,
            0x0B99, 0x0B9A, 156, 0x0B9C, 0x0B9C, 156, 0x0B9E, 0x0B9F, 156, 0x0BA3, 0x0BA4, 156, 0x0BA8, 0x0BAA, 156, 0x0BAE, 0x0BB9, 156,
            0x0BBE, 0x0BC2, 156, 0x0BC6, 0x0BC8, 156, 0x0BCA, 0x0BCD, 156, 0x0BD0, 0x0BD0, 156, 0x0BD7, 0x0BD7, 156, 0x0BE6, 0x0BFA, 156,
            0x0C00, 0x0C0C, 159, 0x0C0E, 0x0C10, 159, 0x0C12, 0x0C28, 159, 0x0C2A, 0x0C39, 159, 0x0C3C, 0x0C44, 159, 0x0C46, 0x0C48, 159,
            0x0C4A, 0x0C4D, 159, 0x0C55, 0x0C56, 159, 0x0C58, 0x0C5A, 159, 0x0C5C, 0x0C5D, 159, 0x0C60, 0x0C63, 159, 0x0C66, 0x0C6F, 159,
            0x0C77, 0x0C7F, 159, 0x0C80, 0x0C8C, 64, 0x0C8E, 0x0C90, 64, 0x0C92, 0x0CA8, 64, 0x0CAA, 0x0CB3, 64, 0x0CB5, 0x0CB9, 64,
            0x0CBC, 0x0CC4, 64, 0x0CC6, 0x0CC8, 64, 0x0CCA, 0x0CCD, 64, 0x0CD5, 0x0CD6, 64, 0x0CDC, 0x0CDE, 64, 0x0CE0, 0x0CE3, 64,
            0x0CE6, 0x0CEF, 64, 0x0CF1, 0x0CF3, 64, 0x0D00, 0x0D0C, 85, 0x0D0E, 0x0D10, 85, 0x0D12, 0x0D44, 85, 0x0D46, 0x0D48, 85,
            0x0D4A, 0x0D4F, 85, 0x0D54, 0x0D63, 85, 0x0D66, 0x0D7F, 85, 0x0D81, 0x0D83, 141, 0x0D85, 0x0D96, 141, 0x0D9A, 0x0DB1, 141,
            0x0DB3, 0x0DBB, 141, 0x0DBD, 0x0DBD, 141, 0x0DC0, 0x0DC6, 141, 0x0DCA, 0x0DCA, 141, 0x0DCF, 0x0DD4, 141, 0x0DD6, 0x0DD6, 141,
            0x0DD8, 0x0DDF, 141, 0x0DE6, 0x0DEF, 141, 0x0DF2, 0x0DF4, 141, 0x0E01, 0x0E3A, 161, 0x0E3F, 0x0E3F, 25, 0x0E40, 0x0E5B, 161,
            0x0E81, 0x0E82, 74, 0x0E84, 0x0E84, 74, 0x0E86, 0x0E8A, 74, 0x0E8C, 0x0EA3, 74, 0x0EA5, 0x0EA5, 74, 0x0EA7, 0x0EBD, 74,
            0x0EC0, 0x0EC4, 74, 0x0EC6, 0x0EC6, 74, 0x0EC8, 0x0ECE, 74, 0x0ED0, 0x0ED9, 74, 0x0EDC, 0x0EDF, 74, 0x0F00, 0x0F47, 162,
            0x0F49, 0x0F6C, 162, 0x0F71, 0x0F97, 162, 0x0F99, 0x0FBC, 162, 0x0FBE, 0x0FCC, 162, 0x0FCE, 0x0FD4, 162, 0x0FD5, 0x0FD8, 25,
            0x0FD9, 0x0FDA, 162, 0x1000, 0x109F, 100, 0x10A0, 0x10C5, 41, 0x10C7, 0x10C7, 41, 0x10CD, 0x10CD, 41, 0x10D0, 0x10FA, 41,
            0x10FB, 0x10FB, 25, 0x10FC, 0x10FF, 41, 0x1100, 0x11FF, 51, 0x1200, 0x1248, 39, 0x124A, 0x124D, 39, 0x1250, 0x1256, 39,
            0x1258, 0x1258, 39, 0x125A, 0x125D, 39, 0x1260, 0x1288, 39, 0x128A, 0x128D, 39, 0x1290, 0x12B0, 39, 0x12B2, 0x12B5, 39,
            0x12B8, 0x12BE, 39, 0x12C0, 0x12C0, 39, 0x12C2, 0x12C5, 39, 0x12C8, 0x12D6, 39, 0x12D8, 0x1310, 39, 0x1312, 0x1315, 39,
            0x1318, 0x135A, 39, 0x135D, 0x137C, 39, 0x1380, 0x1399, 39, 0x13A0, 0x13F5, 23, 0x13F8, 0x13FD, 23, 0x1400, 0x167F, 18,
            0x1680, 0x169C, 109, 0x16A0, 0x16EA, 132, 0x16EB, 0x16ED, 25, 0x16EE, 0x16F8, 132, 0x1700, 0x1715, 149, 0x171F, 0x171F, 149,
            0x1720, 0x1734, 53, 0x1735, 0x1736, 25, 0x1740, 0x1753, 17, 0x1760, 0x176C, 150, 0x176E, 0x1770, 150, 0x1772, 0x1773, 150,
            0x1780, 0x17DD, 70, 0x17E0, 0x17E9, 70, 0x17F0, 0x17F9, 70, 0x1800, 0x1801, 97, 0x1802, 0x1803, 25, 0x1804, 0x1804, 97,
            0x1805, 0x1805, 25, 0x1806, 0x1819, 97, 0x1820, 0x1878, 97, 0x1880, 0x18AA, 97, 0x18B0, 0x18F5, 18, 0x1900, 0x191E, 77,
            0x1920, 0x192B, 77, 0x1930, 0x193B, 77, 0x1940, 0x1940, 77, 0x1944, 0x194F, 77, 0x1950, 0x196D, 151, 0x1970, 0x1974, 151,
            0x1980, 0x19AB, 104, 0x19B0, 0x19C9, 104, 0x19D0, 0x19DA, 104, 0x19DE, 0x19DF, 104, 0x19E0, 0x19FF, 70, 0x1A00, 0x1A1B, 16,
            0x1A1E, 0x1A1F, 16, 0x1A20, 0x1A5E, 152, 0x1A60, 0x1A7C, 152, 0x1A7F, 0x1A89, 152, 0x1A90, 0x1A99, 152, 0x1AA0, 0x1AAD, 152,
            0x1AB0, 0x1AF0, 58, 0x1B00, 0x1B4C, 6, 0x1B4E, 0x1B7F, 6, 0x1B80, 0x1BBF, 145, 0x1BC0, 0x1BF3, 9, 0x1BFC, 0x1BFF, 9,
            0x1C00, 0x1C37, 76, 0x1C3B, 0x1C49, 76, 0x1C4D, 0x1C4F, 76, 0x1C50, 0x1C7F, 110, 0x1C80, 0x1C8A, 30, 0x1C90, 0x1CBA, 41,
            0x1CBD, 0x1CBF, 41, 0x1CC0, 0x1CC7, 145, 0x1CD0, 0x1CD2, 58, 0x1CD3, 0x1CD3, 25, 0x1CD4, 0x1CE0, 58, 0x1CE1, 0x1CE1, 25,
            0x1CE2, 0x1CE8, 58, 0x1CE9, 0x1CEC, 25, 0x1CED, 0x1CED, 58, 0x1CEE, 0x1CF3, 25, 0x1CF4, 0x1CF4, 58, 0x1CF5, 0x1CF7, 25,
            0x1CF8, 0x1CF9, 58, 0x1CFA, 0x1CFA, 25, 0x1D00, 0x1D25, 75, 0x1D26, 0x1D2A, 45, 0x1D2B, 0x1D2B, 30, 0x1D2C, 0x1D5C, 75,
            0x1D5D, 0x1D61, 45, 0x1D62, 0x1D65, 75, 0x1D66, 0x1D6A, 45, 0x1D6B, 0x1D77, 75, 0x1D78, 0x1D78, 30, 0x1D79, 0x1DBE, 75,
            0x1DBF, 0x1DBF, 45, 0x1DC0, 0x1DFF, 58, 0x1E00, 0x1EFF, 75, 0x1F00, 0x1F15, 45, 0x1F18, 0x1F1D, 45, 0x1F20, 0x1F45, 45,
            0x1F48, 0x1F4D, 45, 0x1F50, 0x1F57, 45, 0x1F59, 0x1F59, 45, 0x1F5B, 0x1F5B, 45, 0x1F5D, 0x1F5D, 45, 0x1F5F, 0x1F7D, 45,
            0x1F80, 0x1FB4, 45, 0x1FB6, 0x1FC4, 45, 0x1FC6, 0x1FD3, 45, 0x1FD6, 0x1FDB, 45, 0x1FDD, 0x1FEF, 45, 0x1FF2, 0x1FF4, 45,
            0x1FF6, 0x1FFE, 45, 0x2000, 0x200B, 25, 0x200C, 0x200D, 58, 0x200E, 0x2064, 25, 0x2066, 0x2070, 25, 0x2071, 0x2071, 75,
            0x2074, 0x207E, 25, 0x207F, 0x207F, 75, 0x2080, 0x208F, 25, 0x2090, 0x209F, 75, 0x20A0, 0x20C4, 25, 0x20D0, 0x20F0, 58,
            0x2100, 0x2125, 25, 0x2126, 0x2126, 45, 0x2127, 0x2129, 25, 0x212A, 0x212B, 75, 0x212C, 0x2131, 25, 0x2132, 0x2132, 75,
            0x2133, 0x214D, 25, 0x214E, 0x214E, 75, 0x214F, 0x215F, 25, 0x2160, 0x2188, 75, 0x2189, 0x218B, 25, 0x2190, 0x2429, 25,
            0x2440, 0x244A, 25, 0x2460, 0x27FF, 25, 0x2800, 0x28FF, 15, 0x2900, 0x2B73, 25, 0x2B76, 0x2BFF, 25, 0x2C00, 0x2C5F, 42,
            0x2C60, 0x2C7F, 75, 0x2C80, 0x2CF3, 26, 0x2CF9, 0x2CFF, 26, 0x2D00, 0x2D25, 41, 0x2D27, 0x2D27, 41, 0x2D2D, 0x2D2D, 41,
            0x2D30, 0x2D67, 163, 0x2D6F, 0x2D70, 163, 0x2D7F, 0x2D7F, 163, 0x2D80, 0x2D96, 39, 0x2DA0, 0x2DA6, 39, 0x2DA8, 0x2DAE, 39,
            0x2DB0, 0x2DB6, 39, 0x2DB8, 0x2DBE, 39, 0x2DC0, 0x2DC6, 39, 0x2DC8, 0x2DCE, 39, 0x2DD0, 0x2DD6, 39, 0x2DD8, 0x2DDE, 39,
            0x2DE0, 0x2DFF, 30, 0x2E00, 0x2E5D, 25, 0x2E60, 0x2E63, 25, 0x2E80, 0x2E99, 50, 0x2E9B, 0x2EF3, 50, 0x2F00, 0x2FD5, 50,
            0x2FF0, 0x3004, 25, 0x3005, 0x3005, 50, 0x3006, 0x3006, 25, 0x3007, 0x3007, 50, 0x3008, 0x3020, 25, 0x3021, 0x3029, 50,
            0x302A, 0x302D, 58, 0x302E, 0x302F, 51, 0x3030, 0x3037, 25, 0x3038, 0x303B, 50, 0x303C, 0x303F, 25, 0x3041, 0x3096, 56,
            0x3099, 0x309A, 58, 0x309B, 0x309C, 25, 0x309D, 0x309F, 56, 0x30A0, 0x30A0, 25, 0x30A1, 0x30FA, 65, 0x30FB, 0x30FC, 25,
            0x30FD, 0x30FF, 65, 0x3105, 0x312F, 13, 0x3131, 0x318E, 51, 0x3190, 0x319F, 25, 0x31A0, 0x31BF, 13, 0x31C0, 0x31E5, 25,
            0x31EF, 0x31EF, 25, 0x31F0, 0x31FF, 65, 0x3200, 0x321E, 51, 0x3220, 0x325F, 25, 0x3260, 0x327E, 51, 0x327F, 0x32CF, 25,
            0x32D0, 0x32FE, 65, 0x32FF, 0x32FF, 25, 0x3300, 0x3357, 65, 0x3358, 0x33FF, 25, 0x3400, 0x4DBF, 50, 0x4DC0, 0x4DFF, 25,
            0x4E00, 0x9FFF, 50, 0xA000, 0xA48C, 176, 0xA490, 0xA4C6, 176, 0xA4D0, 0xA4FF, 80, 0xA500, 0xA62B, 171, 0xA640, 0xA69F, 30,
            0xA6A0, 0xA6F7, 7, 0xA700, 0xA721, 25, 0xA722, 0xA787, 75, 0xA788, 0xA78A, 25, 0xA78B, 0xA7DD, 75, 0xA7E2, 0xA7E2, 75,
            0xA7F1, 0xA7FF, 75, 0xA800, 0xA82C, 147, 0xA830, 0xA839, 25, 0xA840, 0xA877, 127, 0xA880, 0xA8C5, 134, 0xA8CE, 0xA8D9, 134,
            0xA8E0, 0xA8FF, 32, 0xA900, 0xA92D, 67, 0xA92E, 0xA92E, 25, 0xA92F, 0xA92F, 67, 0xA930, 0xA953, 131, 0xA95F, 0xA95F, 131,
            0xA960, 0xA97C, 51, 0xA980, 0xA9CD, 61, 0xA9CF, 0xA9CF, 25, 0xA9D0, 0xA9D9, 61, 0xA9DE, 0xA9DF, 61, 0xA9E0, 0xA9FE, 100,
            0xAA00, 0xAA36, 22, 0xAA40, 0xAA4D, 22, 0xAA50, 0xAA59, 22, 0xAA5C, 0xAA5F, 22, 0xAA60, 0xAA7F, 100, 0xAA80, 0xAAC2, 153,
            0xAADB, 0xAADF, 153, 0xAAE0, 0xAAF6, 91, 0xAB01, 0xAB06, 39, 0xAB09, 0xAB0E, 39, 0xAB11, 0xAB16, 39, 0xAB20, 0xAB26, 39,
            0xAB28, 0xAB2E, 39, 0xAB30, 0xAB5A, 75, 0xAB5B, 0xAB5B, 25, 0xAB5C, 0xAB64, 75, 0xAB65, 0xAB65, 45, 0xAB66, 0xAB69, 75,
            0xAB6A, 0xAB6B, 25, 0xAB6C, 0xAB6D, 75, 0xAB70, 0xABBF, 23, 0xABC0, 0xABED, 91, 0xABF0, 0xABF9, 91, 0xAC00, 0xD7A3, 51,
            0xD7B0, 0xD7C6, 51, 0xD7CB, 0xD7FB, 51, 0xF900, 0xFA6D, 50, 0xFA70, 0xFAD9, 50, 0xFB00, 0xFB06, 75, 0xFB13, 0xFB17, 4,
            0xFB1D, 0xFB36, 55, 0xFB38, 0xFB3C, 55, 0xFB3E, 0xFB3E, 55, 0xFB40, 0xFB41, 55, 0xFB43, 0xFB44, 55, 0xFB46, 0xFB4F, 55,
            0xFB50, 0xFD3D, 3, 0xFD3E, 0xFD3F, 25, 0xFD40, 0xFDCF, 3, 0xFDF0, 0xFDFF, 3, 0xFE00, 0xFE0F, 58, 0xFE10, 0xFE19, 25,
            0xFE20, 0xFE2D, 58, 0xFE2E, 0xFE2F, 30, 0xFE30, 0xFE52, 25, 0xFE54, 0xFE66, 25, 0xFE68, 0xFE6B, 25, 0xFE70, 0xFE74, 3,
            0xFE76, 0xFEFC, 3, 0xFEFF, 0xFEFF, 25, 0xFF01, 0xFF20, 25, 0xFF21, 0xFF3A, 75, 0xFF3B, 0xFF40, 25, 0xFF41, 0xFF5A, 75,
            0xFF5B, 0xFF65, 25, 0xFF66, 0xFF6F, 65, 0xFF70, 0xFF70, 25, 0xFF71, 0xFF9D, 65, 0xFF9E, 0xFF9F, 25, 0xFFA0, 0xFFBE, 51,
            0xFFC2, 0xFFC7, 51, 0xFFCA, 0xFFCF, 51, 0xFFD2, 0xFFD7, 51, 0xFFDA, 0xFFDC, 51, 0xFFE0, 0xFFE6, 25, 0xFFE8, 0xFFEE, 25,
            0xFFF9, 0xFFFD, 25, 0x10000, 0x1000B, 79, 0x1000D, 0x10026, 79, 0x10028, 0x1003A, 79, 0x1003C, 0x1003D, 79, 0x1003F, 0x1004D, 79,
            0x10050, 0x1005D, 79, 0x10080, 0x100FA, 79, 0x10100, 0x10102, 25, 0x10107, 0x10133, 25, 0x10137, 0x1013F, 25, 0x10140, 0x1018E, 45,
            0x10190, 0x1019C, 25, 0x101A0, 0x101A0, 45, 0x101D0, 0x101FC, 25, 0x101FD, 0x101FD, 58, 0x10280, 0x1029C, 81, 0x102A0, 0x102D0, 19,
            0x102E0, 0x102E0, 58, 0x102E1, 0x102FB, 25, 0x10300, 0x10323, 113, 0x1032D, 0x1032F, 113, 0x10330, 0x1034A, 43, 0x10350, 0x1037A, 115,
            0x10380, 0x1039D, 169, 0x1039F, 0x1039F, 169, 0x103A0, 0x103C3, 116, 0x103C8, 0x103D5, 116, 0x10400, 0x1044F, 31, 0x10450, 0x1047F, 137,
            0x10480, 0x1049D, 123, 0x104A0, 0x104A9, 123, 0x104B0, 0x104D3, 122, 0x104D8, 0x104FB, 122, 0x10500, 0x10527, 37, 0x10530, 0x10563, 20,
            0x1056F, 0x1056F, 20, 0x10570, 0x1057A, 172, 0x1057C, 0x1058A, 172, 0x1058C, 0x10592, 172, 0x10594, 0x10595, 172, 0x10597, 0x105A1, 172,
            0x105A3, 0x105B1, 172, 0x105B3, 0x105B9, 172, 0x105BB, 0x105BC, 172, 0x105C0, 0x105F3, 165, 0x10600, 0x10736, 78, 0x10740, 0x10755, 78,
            0x10760, 0x10767, 78, 0x10780, 0x10785, 75, 0x10787, 0x107B0, 75, 0x107B2, 0x107BF, 75, 0x10800, 0x10805, 28, 0x10808, 0x10808, 28,
            0x1080A, 0x10835, 28, 0x10837, 0x10838, 28, 0x1083C, 0x1083C, 28, 0x1083F, 0x1083F, 28, 0x10840, 0x10855, 57, 0x10857, 0x1085F, 57,
            0x10860, 0x1087F, 125, 0x10880, 0x1089E, 101, 0x108A7, 0x108AF, 101, 0x108E0, 0x108F2, 54, 0x108F4, 0x108F5, 54, 0x108FB, 0x108FF, 54,
            0x10900, 0x1091B, 128, 0x1091F, 0x1091F, 128, 0x10920, 0x10939, 82, 0x1093F, 0x1093F, 82, 0x10940, 0x10959, 139, 0x10980, 0x1099F, 94,
            0x109A0, 0x109B7, 93, 0x109BC, 0x109CF, 93, 0x109D2, 0x109FF, 93, 0x10A00, 0x10A03, 68, 0x10A05, 0x10A06, 68, 0x10A0C, 0x10A13, 68,
            0x10A15, 0x10A17, 68, 0x10A19, 0x10A35, 68, 0x10A38, 0x10A3A, 68, 0x10A3F, 0x10A48, 68, 0x10A50, 0x10A58, 68, 0x10A60, 0x10A7F, 118,
            0x10A80, 0x10A9F, 114, 0x10AC0, 0x10AE6, 87, 0x10AEB, 0x10AF6, 87, 0x10B00, 0x10B35, 5, 0x10B39, 0x10B3F, 5, 0x10B40, 0x10B55, 60,
            0x10B58, 0x10B5F, 60, 0x10B60, 0x10B72, 59, 0x10B78, 0x10B7F, 59, 0x10B80, 0x10B91, 130, 0x10B99, 0x10B9C, 130, 0x10BA9, 0x10BAF, 130,
            0x10C00, 0x10C48, 119, 0x10C80, 0x10CB2, 112, 0x10CC0, 0x10CF2, 112, 0x10CFA, 0x10CFF, 112, 0x10D00, 0x10D27, 52, 0x10D30, 0x10D39, 52,
            0x10D40, 0x10D65, 40, 0x10D69, 0x10D85, 40, 0x10D8E, 0x10D8F, 40, 0x10E60, 0x10E7E, 3, 0x10E80, 0x10EA9, 175, 0x10EAB, 0x10EAD, 175,
            0x10EB0, 0x10EB1, 175, 0x10EC2, 0x10EC7, 3, 0x10EC9, 0x10EEE, 3, 0x10EF0, 0x10EFF, 3, 0x10F00, 0x10F27, 117, 0x10F30, 0x10F59, 142,
            0x10F70, 0x10F89, 120, 0x10FB0, 0x10FCB, 24, 0x10FE0, 0x10FF6, 38, 0x11000, 0x1104D, 14, 0x11052, 0x11075, 14, 0x1107F, 0x1107F, 14,
            0x11080, 0x110C2, 63, 0x110CD, 0x110CD, 63, 0x110D0, 0x110E8, 143, 0x110F0, 0x110F9, 143, 0x11100, 0x11134, 21, 0x11136, 0x11147, 21,
            0x11150, 0x11176, 83, 0x11180, 0x111DF, 136, 0x111E1, 0x111F4, 141, 0x11200, 0x11211, 71, 0x11213, 0x11241, 71, 0x11280, 0x11286, 99,
            0x11288, 0x11288, 99, 0x1128A, 0x1128D, 99, 0x1128F, 0x1129D, 99, 0x1129F, 0x112A9, 99, 0x112B0, 0x112EA, 72, 0x112F0, 0x112F9, 72,
            0x11300, 0x11303, 44, 0x11305, 0x1130C, 44, 0x1130F, 0x11310, 44, 0x11313, 0x11328, 44, 0x1132A, 0x11330, 44, 0x11332, 0x11333, 44,
            0x11335, 0x11339, 44, 0x1133B, 0x1133B, 58, 0x1133C, 0x11344, 44, 0x11347, 0x11348, 44, 0x1134B, 0x1134D, 44, 0x11350, 0x11350, 44,
            0x11357, 0x11357, 44, 0x1135D, 0x11363, 44, 0x11366, 0x1136C, 44, 0x11370, 0x11374, 44, 0x11380, 0x11389, 168, 0x1138B, 0x1138B, 168,
            0x1138E, 0x1138E, 168, 0x11390, 0x113B5, 168, 0x113B7, 0x113C0, 168, 0x113C2, 0x113C2, 168, 0x113C5, 0x113C5, 168, 0x113C7, 0x113CA, 168,
            0x113CC, 0x113D5, 168, 0x113D7, 0x113D8, 168, 0x113E1, 0x113E2, 168, 0x11400, 0x1145B, 105, 0x1145D, 0x11461, 105, 0x11480, 0x114C7, 164,
            0x114D0, 0x114D9, 164, 0x11580, 0x115B5, 138, 0x115B8, 0x115DD, 138, 0x11600, 0x11644, 96, 0x11650, 0x11659, 96, 0x11660, 0x1166C, 97,
            0x11680, 0x116B9, 155, 0x116C0, 0x116C9, 155, 0x116D0, 0x116E3, 100, 0x11700, 0x1171A, 1, 0x1171D, 0x1172B, 1, 0x11730, 0x11746, 1,
            0x11800, 0x1183B, 34, 0x118A0, 0x118F2, 174, 0x118FF, 0x118FF, 174, 0x11900, 0x11906, 33, 0x11909, 0x11909, 33, 0x1190C, 0x11913, 33,
            0x11915, 0x11916, 33, 0x11918, 0x11935, 33, 0x11937, 0x11938, 33, 0x1193B, 0x11946, 33, 0x11950, 0x11959, 33, 0x119A0, 0x119A7, 103,
            0x119AA, 0x119D7, 103, 0x119DA, 0x119E4, 103, 0x11A00, 0x11A47, 177, 0x11A50, 0x11AA2, 144, 0x11AB0, 0x11ABF, 18, 0x11AC0, 0x11AF8, 126,
            0x11B00, 0x11B0A, 32, 0x11B60, 0x11B67, 136, 0x11BC0, 0x11BE1, 146, 0x11BF0, 0x11BF9, 146, 0x11C00, 0x11C08, 12, 0x11C0A, 0x11C36, 12,
            0x11C38, 0x11C45, 12, 0x11C50, 0x11C6C, 12, 0x11C70, 0x11C8F, 88, 0x11C92, 0x11CA7, 88, 0x11CA9, 0x11CB6, 88, 0x11D00, 0x11D06, 89,
            0x11D08, 0x11D09, 89, 0x11D0B, 0x11D36, 89, 0x11D3A, 0x11D3A, 89, 0x11D3C, 0x11D3D, 89, 0x11D3F, 0x11D47, 89, 0x11D50, 0x11D59, 89,
            0x11D60, 0x11D65, 47, 0x11D67, 0x11D68, 47, 0x11D6A, 0x11D8E, 47, 0x11D90, 0x11D91, 47, 0x11D93, 0x11D98, 47, 0x11DA0, 0x11DA9, 47,
            0x11DB0, 0x11DDB, 166, 0x11DE0, 0x11DE9, 166, 0x11DF0, 0x11DF1, 10, 0x11EE0, 0x11EF8, 84, 0x11F00, 0x11F10, 66, 0x11F12, 0x11F3A, 66,
            0x11F3E, 0x11F5A, 66, 0x11FB0, 0x11FB0, 80, 0x11FC0, 0x11FF1, 156, 0x11FFF, 0x11FFF, 156, 0x12000, 0x12399, 27, 0x12400, 0x12543, 27,
            0x12550, 0x125A7, 27, 0x125A8, 0x1264B, 129, 0x1264C, 0x12686, 27, 0x12F90, 0x12FF2, 29, 0x13000, 0x13455, 36, 0x13460, 0x143FA, 36,
            0x14400, 0x14646, 2, 0x16100, 0x16139, 49, 0x16800, 0x16A38, 7, 0x16A40, 0x16A5E, 98, 0x16A60, 0x16A69, 98, 0x16A6E, 0x16A6F, 98,
            0x16A70, 0x16ABE, 157, 0x16AC0, 0x16AC9, 157, 0x16AD0, 0x16AED, 8, 0x16AF0, 0x16AF5, 8, 0x16B00, 0x16B45, 124, 0x16B50, 0x16B59, 124,
            0x16B5B, 0x16B61, 124, 0x16B63, 0x16B77, 124, 0x16B7D, 0x16B8F, 124, 0x16D40, 0x16D79, 73, 0x16E40, 0x16E9A, 90, 0x16EA0, 0x16EB8, 11,
            0x16EBB, 0x16ED3, 11, 0x16F00, 0x16F4A, 95, 0x16F4F, 0x16F87, 95, 0x16F8F, 0x16F9F, 95, 0x16FE0, 0x16FE0, 158, 0x16FE1, 0x16FE1, 107,
            0x16FE2, 0x16FE3, 50, 0x16FE4, 0x16FE4, 69, 0x16FF0, 0x16FF6, 50, 0x17000, 0x18AFF, 158, 0x18B00, 0x18CDA, 69, 0x18CFF, 0x18CFF, 69,
            0x18D00, 0x18D20, 158, 0x18D80, 0x18DF2, 158, 0x18E00, 0x19191, 62, 0x191A0, 0x191D2, 62, 0x1AFF0, 0x1AFF3, 65, 0x1AFF5, 0x1AFFB, 65,
            0x1AFFD, 0x1AFFE, 65, 0x1B000, 0x1B000, 65, 0x1B001, 0x1B11F, 56, 0x1B120, 0x1B122, 65, 0x1B123, 0x1B123, 56, 0x1B124, 0x1B128, 65,
            0x1B132, 0x1B132, 56, 0x1B150, 0x1B152, 56, 0x1B155, 0x1B155, 65, 0x1B164, 0x1B168, 65, 0x1B170, 0x1B2FB, 107, 0x1BC00, 0x1BC6A, 35,
            0x1BC70, 0x1BC7C, 35, 0x1BC80, 0x1BC88, 35, 0x1BC90, 0x1BC99, 35, 0x1BC9C, 0x1BC9F, 35, 0x1BCA0, 0x1BCA3, 25, 0x1CC00, 0x1CCFC, 25,
            0x1CD00, 0x1CEB3, 25, 0x1CEBA, 0x1CED0, 25, 0x1CED2, 0x1CED4, 25, 0x1CEDD, 0x1CEFD, 25, 0x1CF00, 0x1CF2D, 58, 0x1CF30, 0x1CF46, 58,
            0x1CF50, 0x1CFC3, 25, 0x1D000, 0x1D0F5, 25, 0x1D100, 0x1D126, 25, 0x1D127, 0x1D128, 58, 0x1D129, 0x1D166, 25, 0x1D167, 0x1D169, 58,
            0x1D16A, 0x1D17A, 25, 0x1D17B, 0x1D182, 58, 0x1D183, 0x1D184, 25, 0x1D185, 0x1D18B, 58, 0x1D18C, 0x1D1A9, 25, 0x1D1AA, 0x1D1AD, 58,
            0x1D1AE, 0x1D1FF, 25, 0x1D200, 0x1D245, 45, 0x1D250, 0x1D25A, 25, 0x1D25B, 0x1D25C, 58, 0x1D25D, 0x1D281, 25, 0x1D2C0, 0x1D2D3, 25,
            0x1D2E0, 0x1D2F3, 25, 0x1D300, 0x1D356, 25, 0x1D360, 0x1D378, 25, 0x1D400, 0x1D454, 25, 0x1D456, 0x1D49C, 25, 0x1D49E, 0x1D49F, 25,
            0x1D4A2, 0x1D4A2, 25, 0x1D4A5, 0x1D4A6, 25, 0x1D4A9, 0x1D4AC, 25, 0x1D4AE, 0x1D4B9, 25, 0x1D4BB, 0x1D4BB, 25, 0x1D4BD, 0x1D4C3, 25,
            0x1D4C5, 0x1D505, 25, 0x1D507, 0x1D50A, 25, 0x1D50D, 0x1D514, 25, 0x1D516, 0x1D51C, 25, 0x1D51E, 0x1D539, 25, 0x1D53B, 0x1D53E, 25,
            0x1D540, 0x1D544, 25, 0x1D546, 0x1D546, 25, 0x1D54A, 0x1D550, 25, 0x1D552, 0x1D6A6, 25, 0x1D6A8, 0x1D7CB, 25, 0x1D7CE, 0x1D7FF, 25,
            0x1D800, 0x1DA8B, 140, 0x1DA9B, 0x1DA9F, 140, 0x1DAA1, 0x1DAAF, 140, 0x1DB00, 0x1DB1C, 25, 0x1DF00, 0x1DF81, 75, 0x1DF90, 0x1DF96, 75,
            0x1DFCD, 0x1DFF2, 75, 0x1DFF3, 0x1DFF4, 45, 0x1DFF5, 0x1DFFF, 75, 0x1E000, 0x1E006, 42, 0x1E008, 0x1E018, 42, 0x1E01B, 0x1E021, 42,
            0x1E023, 0x1E024, 42, 0x1E026, 0x1E02A, 42, 0x1E030, 0x1E06D, 30, 0x1E08F, 0x1E08F, 30, 0x1E100, 0x1E12C, 108, 0x1E130, 0x1E13D, 108,
            0x1E140, 0x1E149, 108, 0x1E14E, 0x1E14F, 108, 0x1E290, 0x1E2AE, 167, 0x1E2C0, 0x1E2F9, 173, 0x1E2FF, 0x1E2FF, 173, 0x1E4D0, 0x1E4F9, 102,
            0x1E5D0, 0x1E5FA, 111, 0x1E5FF, 0x1E5FF, 111, 0x1E6C0, 0x1E6DE, 154, 0x1E6E0, 0x1E6F5, 154, 0x1E6FE, 0x1E6FF, 154, 0x1E7E0, 0x1E7E6, 39,
            0x1E7E8, 0x1E7EB, 39, 0x1E7ED, 0x1E7EE, 39, 0x1E7F0, 0x1E7FE, 39, 0x1E800, 0x1E8C4, 92, 0x1E8C7, 0x1E8D6, 92, 0x1E900, 0x1E94B, 0,
            0x1E950, 0x1E959, 0, 0x1E95E, 0x1E95F, 0, 0x1EC71, 0x1ECB4, 25, 0x1ED01, 0x1ED3D, 25, 0x1EE00, 0x1EE03, 3, 0x1EE05, 0x1EE1F, 3,
            0x1EE21, 0x1EE22, 3, 0x1EE24, 0x1EE24, 3, 0x1EE27, 0x1EE27, 3, 0x1EE29, 0x1EE32, 3, 0x1EE34, 0x1EE37, 3, 0x1EE39, 0x1EE39, 3,
            0x1EE3B, 0x1EE3B, 3, 0x1EE42, 0x1EE42, 3, 0x1EE47, 0x1EE47, 3, 0x1EE49, 0x1EE49, 3, 0x1EE4B, 0x1EE4B, 3, 0x1EE4D, 0x1EE4F, 3,
            0x1EE51, 0x1EE52, 3, 0x1EE54, 0x1EE54, 3, 0x1EE57, 0x1EE57, 3, 0x1EE59, 0x1EE59, 3, 0x1EE5B, 0x1EE5B, 3, 0x1EE5D, 0x1EE5D, 3,
            0x1EE5F, 0x1EE5F, 3, 0x1EE61, 0x1EE62, 3, 0x1EE64, 0x1EE64, 3, 0x1EE67, 0x1EE6A, 3, 0x1EE6C, 0x1EE72, 3, 0x1EE74, 0x1EE77, 3,
            0x1EE79, 0x1EE7C, 3, 0x1EE7E, 0x1EE7E, 3, 0x1EE80, 0x1EE89, 3, 0x1EE8B, 0x1EE9B, 3, 0x1EEA1, 0x1EEA3, 3, 0x1EEA5, 0x1EEA9, 3,
            0x1EEAB, 0x1EEBB, 3, 0x1EEF0, 0x1EEF1, 3, 0x1F000, 0x1F02B, 25, 0x1F030, 0x1F093, 25, 0x1F0A0, 0x1F0AE, 25, 0x1F0B1, 0x1F0BF, 25,
            0x1F0C1, 0x1F0CF, 25, 0x1F0D1, 0x1F0F5, 25, 0x1F100, 0x1F1AE, 25, 0x1F1E6, 0x1F1FF, 25, 0x1F200, 0x1F200, 56, 0x1F201, 0x1F202, 25,
            0x1F210, 0x1F23B, 25, 0x1F240, 0x1F248, 25, 0x1F250, 0x1F251, 25, 0x1F260, 0x1F265, 25, 0x1F300, 0x1F6D9, 25, 0x1F6DC, 0x1F6EC, 25,
            0x1F6F0, 0x1F6FC, 25, 0x1F700, 0x1F7DB, 25, 0x1F7E0, 0x1F7EB, 25, 0x1F7F0, 0x1F80B, 25, 0x1F810, 0x1F847, 25, 0x1F850, 0x1F859, 25,
            0x1F860, 0x1F887, 25, 0x1F890, 0x1F8AD, 25, 0x1F8B0, 0x1F8BB, 25, 0x1F8C0, 0x1F8C1, 25, 0x1F8D0, 0x1F8D8, 25, 0x1F900, 0x1FA57, 25,
            0x1FA60, 0x1FA6D, 25, 0x1FA70, 0x1FA7C, 25, 0x1FA80, 0x1FAC6, 25, 0x1FAC8, 0x1FAC8, 25, 0x1FACC, 0x1FADD, 25, 0x1FADF, 0x1FAEB, 25,
            0x1FAEF, 0x1FAFA, 25, 0x1FB00, 0x1FB92, 25, 0x1FB94, 0x1FBFA, 25, 0x20000, 0x2A6DF, 50, 0x2A700, 0x2B81E, 50, 0x2B820, 0x2CEAD, 50,
            0x2CEB0, 0x2EBE0, 50, 0x2EBF0, 0x2EE5D, 50, 0x2F800, 0x2FA1D, 50, 0x30000, 0x3134A, 50, 0x31350, 0x33479, 50, 0x3D000, 0x3FC3F, 135,
            0xE0001, 0xE0001, 25, 0xE0020, 0xE007F, 25, 0xE0100, 0xE01EF, 58,
        };

        /// <summary>OpenType script tag of every script, by script index (ISO 15924 in lower case; HarfBuzz's exceptions kept; DFLT for Common, Inherited and Unknown).</summary>
        internal static readonly string[] ScriptTags =
        {
            "adlm", "ahom", "hluw", "arab", "armn", "avst", "bali", "bamu",
            "bass", "batk", "beng", "berf", "bhks", "bopo", "brah", "brai",
            "bugi", "buhd", "cans", "cari", "aghb", "cakm", "cham", "cher",
            "chrs", "DFLT", "copt", "xsux", "cprt", "cpmn", "cyrl", "dsrt",
            "deva", "diak", "dogr", "dupl", "egyp", "elba", "elym", "ethi",
            "gara", "geor", "glag", "goth", "gran", "grek", "gujr", "gong",
            "guru", "gukh", "hani", "hang", "rohg", "hano", "hatr", "hebr",
            "kana", "armi", "DFLT", "phli", "prti", "java", "jurc", "kthi",
            "knda", "kana", "kawi", "kali", "khar", "kits", "khmr", "khoj",
            "sind", "krai", "lao ", "latn", "lepc", "limb", "lina", "linb",
            "lisu", "lyci", "lydi", "mahj", "maka", "mlym", "mand", "mani",
            "marc", "gonm", "medf", "mtei", "mend", "merc", "mero", "plrd",
            "modi", "mong", "mroo", "mult", "mymr", "nbat", "nagm", "nand",
            "talu", "newa", "nko ", "nshu", "hmnp", "ogam", "olck", "onao",
            "hung", "ital", "narb", "perm", "xpeo", "sogo", "sarb", "orkh",
            "ougr", "orya", "osge", "osma", "hmng", "palm", "pauc", "phag",
            "phnx", "pcun", "phlp", "rjng", "runr", "samr", "saur", "seal",
            "shrd", "shaw", "sidd", "sidt", "sgnw", "sinh", "sogd", "sora",
            "soyo", "sund", "sunu", "sylo", "syrc", "tglg", "tagb", "tale",
            "lana", "tavt", "tayo", "takr", "taml", "tnsa", "tang", "telu",
            "thaa", "thai", "tibt", "tfng", "tirh", "todr", "tols", "toto",
            "tutg", "ugar", "DFLT", "vai ", "vith", "wcho", "wara", "yezi",
            "yi  ", "zanb",
        };

        /// <summary>The scripts HarfBuzz routes to the Universal Shaping Engine (script indices, sorted).</summary>
        internal static readonly int[] UseScripts =
        {
            0, 1, 6, 9, 11, 12, 14, 16, 17, 21, 22, 24, 29, 33, 34, 35,
            36, 38, 40, 44, 47, 49, 52, 53, 61, 62, 63, 66, 67, 68, 69, 71,
            72, 73, 76, 77, 83, 84, 86, 87, 88, 89, 90, 91, 95, 96, 97, 99,
            102, 103, 105, 106, 108, 111, 117, 120, 124, 127, 129, 130, 131, 134, 135, 136,
            138, 139, 142, 144, 145, 146, 147, 149, 150, 151, 152, 153, 154, 155, 157, 162,
            163, 164, 165, 166, 167, 168, 172, 173, 175, 177,
        };

        /// <summary>The scripts HarfBuzz shapes with its Arabic shaper (hb-ot-shaper.hh): cursive joining through the font's tables (script indices, sorted).</summary>
        internal static readonly int[] ArabicShaperScripts =
        {
            3, 148,
        };

        /// <summary>The scripts CLDR says cannot be shown without shaping (scriptMetadata shapingReq = YES) (script indices, sorted).</summary>
        internal static readonly int[] ShapingRequiredScripts =
        {
            1, 3, 5, 6, 9, 10, 12, 14, 17, 21, 22, 24, 32, 33, 34, 36,
            40, 46, 47, 48, 49, 52, 53, 61, 64, 66, 68, 70, 74, 76, 77, 85,
            86, 88, 89, 91, 95, 97, 100, 103, 104, 105, 106, 120, 121, 127, 131, 134,
            136, 141, 142, 144, 145, 147, 148, 152, 153, 154, 155, 156, 159, 160, 162, 168,
            177,
        };

        /// <summary>InCB=Linker (DerivedCoreProperties): the viramas a conjunct joins across — UAX #29 GB9c (code points, sorted).</summary>
        internal static readonly int[] Linkers =
        {
            0x094D, 0x09CD, 0x0ACD, 0x0B4D, 0x0C4D, 0x0D4D, 0x1039, 0x17D2,
            0x1A60, 0x1B44, 0x1BAB, 0x1CF5, 0x1CF6, 0xA9C0, 0xAAF6, 0x10A3F,
            0x11133, 0x113D0, 0x1193E, 0x11A3A, 0x11A47, 0x11A99, 0x11F42,
        };

        /// <summary>The scripts whose letters carry a right-to-left bidi class (script indices, sorted).</summary>
        internal static readonly int[] RightToLeftScripts =
        {
            0, 3, 5, 24, 28, 38, 40, 52, 54, 55, 57, 59, 60, 68, 82, 86,
            87, 92, 93, 94, 101, 106, 112, 114, 117, 118, 119, 120, 125, 128, 130, 133,
            139, 142, 148, 160, 175,
        };

        /// <summary>General category of every code point, as System.Globalization.UnicodeCategory numbers it — runs (first, last, category), sorted. Unlisted = OtherNotAssigned.</summary>
        internal static readonly int[] GeneralCategories =
        {
            0x0000, 0x001F, 14, 0x0020, 0x0020, 11, 0x0021, 0x0023, 24, 0x0024, 0x0024, 26, 0x0025, 0x0027, 24, 0x0028, 0x0028, 20,
            0x0029, 0x0029, 21, 0x002A, 0x002A, 24, 0x002B, 0x002B, 25, 0x002C, 0x002C, 24, 0x002D, 0x002D, 19, 0x002E, 0x002F, 24,
            0x0030, 0x0039, 8, 0x003A, 0x003B, 24, 0x003C, 0x003E, 25, 0x003F, 0x0040, 24, 0x0041, 0x005A, 0, 0x005B, 0x005B, 20,
            0x005C, 0x005C, 24, 0x005D, 0x005D, 21, 0x005E, 0x005E, 27, 0x005F, 0x005F, 18, 0x0060, 0x0060, 27, 0x0061, 0x007A, 1,
            0x007B, 0x007B, 20, 0x007C, 0x007C, 25, 0x007D, 0x007D, 21, 0x007E, 0x007E, 25, 0x007F, 0x009F, 14, 0x00A0, 0x00A0, 11,
            0x00A1, 0x00A1, 24, 0x00A2, 0x00A5, 26, 0x00A6, 0x00A6, 28, 0x00A7, 0x00A7, 24, 0x00A8, 0x00A8, 27, 0x00A9, 0x00A9, 28,
            0x00AA, 0x00AA, 4, 0x00AB, 0x00AB, 22, 0x00AC, 0x00AC, 25, 0x00AD, 0x00AD, 15, 0x00AE, 0x00AE, 28, 0x00AF, 0x00AF, 27,
            0x00B0, 0x00B0, 28, 0x00B1, 0x00B1, 25, 0x00B2, 0x00B3, 10, 0x00B4, 0x00B4, 27, 0x00B5, 0x00B5, 1, 0x00B6, 0x00B7, 24,
            0x00B8, 0x00B8, 27, 0x00B9, 0x00B9, 10, 0x00BA, 0x00BA, 4, 0x00BB, 0x00BB, 23, 0x00BC, 0x00BE, 10, 0x00BF, 0x00BF, 24,
            0x00C0, 0x00D6, 0, 0x00D7, 0x00D7, 25, 0x00D8, 0x00DE, 0, 0x00DF, 0x00F6, 1, 0x00F7, 0x00F7, 25, 0x00F8, 0x00FF, 1,
            0x0100, 0x0100, 0, 0x0101, 0x0101, 1, 0x0102, 0x0102, 0, 0x0103, 0x0103, 1, 0x0104, 0x0104, 0, 0x0105, 0x0105, 1,
            0x0106, 0x0106, 0, 0x0107, 0x0107, 1, 0x0108, 0x0108, 0, 0x0109, 0x0109, 1, 0x010A, 0x010A, 0, 0x010B, 0x010B, 1,
            0x010C, 0x010C, 0, 0x010D, 0x010D, 1, 0x010E, 0x010E, 0, 0x010F, 0x010F, 1, 0x0110, 0x0110, 0, 0x0111, 0x0111, 1,
            0x0112, 0x0112, 0, 0x0113, 0x0113, 1, 0x0114, 0x0114, 0, 0x0115, 0x0115, 1, 0x0116, 0x0116, 0, 0x0117, 0x0117, 1,
            0x0118, 0x0118, 0, 0x0119, 0x0119, 1, 0x011A, 0x011A, 0, 0x011B, 0x011B, 1, 0x011C, 0x011C, 0, 0x011D, 0x011D, 1,
            0x011E, 0x011E, 0, 0x011F, 0x011F, 1, 0x0120, 0x0120, 0, 0x0121, 0x0121, 1, 0x0122, 0x0122, 0, 0x0123, 0x0123, 1,
            0x0124, 0x0124, 0, 0x0125, 0x0125, 1, 0x0126, 0x0126, 0, 0x0127, 0x0127, 1, 0x0128, 0x0128, 0, 0x0129, 0x0129, 1,
            0x012A, 0x012A, 0, 0x012B, 0x012B, 1, 0x012C, 0x012C, 0, 0x012D, 0x012D, 1, 0x012E, 0x012E, 0, 0x012F, 0x012F, 1,
            0x0130, 0x0130, 0, 0x0131, 0x0131, 1, 0x0132, 0x0132, 0, 0x0133, 0x0133, 1, 0x0134, 0x0134, 0, 0x0135, 0x0135, 1,
            0x0136, 0x0136, 0, 0x0137, 0x0138, 1, 0x0139, 0x0139, 0, 0x013A, 0x013A, 1, 0x013B, 0x013B, 0, 0x013C, 0x013C, 1,
            0x013D, 0x013D, 0, 0x013E, 0x013E, 1, 0x013F, 0x013F, 0, 0x0140, 0x0140, 1, 0x0141, 0x0141, 0, 0x0142, 0x0142, 1,
            0x0143, 0x0143, 0, 0x0144, 0x0144, 1, 0x0145, 0x0145, 0, 0x0146, 0x0146, 1, 0x0147, 0x0147, 0, 0x0148, 0x0149, 1,
            0x014A, 0x014A, 0, 0x014B, 0x014B, 1, 0x014C, 0x014C, 0, 0x014D, 0x014D, 1, 0x014E, 0x014E, 0, 0x014F, 0x014F, 1,
            0x0150, 0x0150, 0, 0x0151, 0x0151, 1, 0x0152, 0x0152, 0, 0x0153, 0x0153, 1, 0x0154, 0x0154, 0, 0x0155, 0x0155, 1,
            0x0156, 0x0156, 0, 0x0157, 0x0157, 1, 0x0158, 0x0158, 0, 0x0159, 0x0159, 1, 0x015A, 0x015A, 0, 0x015B, 0x015B, 1,
            0x015C, 0x015C, 0, 0x015D, 0x015D, 1, 0x015E, 0x015E, 0, 0x015F, 0x015F, 1, 0x0160, 0x0160, 0, 0x0161, 0x0161, 1,
            0x0162, 0x0162, 0, 0x0163, 0x0163, 1, 0x0164, 0x0164, 0, 0x0165, 0x0165, 1, 0x0166, 0x0166, 0, 0x0167, 0x0167, 1,
            0x0168, 0x0168, 0, 0x0169, 0x0169, 1, 0x016A, 0x016A, 0, 0x016B, 0x016B, 1, 0x016C, 0x016C, 0, 0x016D, 0x016D, 1,
            0x016E, 0x016E, 0, 0x016F, 0x016F, 1, 0x0170, 0x0170, 0, 0x0171, 0x0171, 1, 0x0172, 0x0172, 0, 0x0173, 0x0173, 1,
            0x0174, 0x0174, 0, 0x0175, 0x0175, 1, 0x0176, 0x0176, 0, 0x0177, 0x0177, 1, 0x0178, 0x0179, 0, 0x017A, 0x017A, 1,
            0x017B, 0x017B, 0, 0x017C, 0x017C, 1, 0x017D, 0x017D, 0, 0x017E, 0x0180, 1, 0x0181, 0x0182, 0, 0x0183, 0x0183, 1,
            0x0184, 0x0184, 0, 0x0185, 0x0185, 1, 0x0186, 0x0187, 0, 0x0188, 0x0188, 1, 0x0189, 0x018B, 0, 0x018C, 0x018D, 1,
            0x018E, 0x0191, 0, 0x0192, 0x0192, 1, 0x0193, 0x0194, 0, 0x0195, 0x0195, 1, 0x0196, 0x0198, 0, 0x0199, 0x019B, 1,
            0x019C, 0x019D, 0, 0x019E, 0x019E, 1, 0x019F, 0x01A0, 0, 0x01A1, 0x01A1, 1, 0x01A2, 0x01A2, 0, 0x01A3, 0x01A3, 1,
            0x01A4, 0x01A4, 0, 0x01A5, 0x01A5, 1, 0x01A6, 0x01A7, 0, 0x01A8, 0x01A8, 1, 0x01A9, 0x01A9, 0, 0x01AA, 0x01AB, 1,
            0x01AC, 0x01AC, 0, 0x01AD, 0x01AD, 1, 0x01AE, 0x01AF, 0, 0x01B0, 0x01B0, 1, 0x01B1, 0x01B3, 0, 0x01B4, 0x01B4, 1,
            0x01B5, 0x01B5, 0, 0x01B6, 0x01B6, 1, 0x01B7, 0x01B8, 0, 0x01B9, 0x01BA, 1, 0x01BB, 0x01BB, 4, 0x01BC, 0x01BC, 0,
            0x01BD, 0x01BF, 1, 0x01C0, 0x01C3, 4, 0x01C4, 0x01C4, 0, 0x01C5, 0x01C5, 2, 0x01C6, 0x01C6, 1, 0x01C7, 0x01C7, 0,
            0x01C8, 0x01C8, 2, 0x01C9, 0x01C9, 1, 0x01CA, 0x01CA, 0, 0x01CB, 0x01CB, 2, 0x01CC, 0x01CC, 1, 0x01CD, 0x01CD, 0,
            0x01CE, 0x01CE, 1, 0x01CF, 0x01CF, 0, 0x01D0, 0x01D0, 1, 0x01D1, 0x01D1, 0, 0x01D2, 0x01D2, 1, 0x01D3, 0x01D3, 0,
            0x01D4, 0x01D4, 1, 0x01D5, 0x01D5, 0, 0x01D6, 0x01D6, 1, 0x01D7, 0x01D7, 0, 0x01D8, 0x01D8, 1, 0x01D9, 0x01D9, 0,
            0x01DA, 0x01DA, 1, 0x01DB, 0x01DB, 0, 0x01DC, 0x01DD, 1, 0x01DE, 0x01DE, 0, 0x01DF, 0x01DF, 1, 0x01E0, 0x01E0, 0,
            0x01E1, 0x01E1, 1, 0x01E2, 0x01E2, 0, 0x01E3, 0x01E3, 1, 0x01E4, 0x01E4, 0, 0x01E5, 0x01E5, 1, 0x01E6, 0x01E6, 0,
            0x01E7, 0x01E7, 1, 0x01E8, 0x01E8, 0, 0x01E9, 0x01E9, 1, 0x01EA, 0x01EA, 0, 0x01EB, 0x01EB, 1, 0x01EC, 0x01EC, 0,
            0x01ED, 0x01ED, 1, 0x01EE, 0x01EE, 0, 0x01EF, 0x01F0, 1, 0x01F1, 0x01F1, 0, 0x01F2, 0x01F2, 2, 0x01F3, 0x01F3, 1,
            0x01F4, 0x01F4, 0, 0x01F5, 0x01F5, 1, 0x01F6, 0x01F8, 0, 0x01F9, 0x01F9, 1, 0x01FA, 0x01FA, 0, 0x01FB, 0x01FB, 1,
            0x01FC, 0x01FC, 0, 0x01FD, 0x01FD, 1, 0x01FE, 0x01FE, 0, 0x01FF, 0x01FF, 1, 0x0200, 0x0200, 0, 0x0201, 0x0201, 1,
            0x0202, 0x0202, 0, 0x0203, 0x0203, 1, 0x0204, 0x0204, 0, 0x0205, 0x0205, 1, 0x0206, 0x0206, 0, 0x0207, 0x0207, 1,
            0x0208, 0x0208, 0, 0x0209, 0x0209, 1, 0x020A, 0x020A, 0, 0x020B, 0x020B, 1, 0x020C, 0x020C, 0, 0x020D, 0x020D, 1,
            0x020E, 0x020E, 0, 0x020F, 0x020F, 1, 0x0210, 0x0210, 0, 0x0211, 0x0211, 1, 0x0212, 0x0212, 0, 0x0213, 0x0213, 1,
            0x0214, 0x0214, 0, 0x0215, 0x0215, 1, 0x0216, 0x0216, 0, 0x0217, 0x0217, 1, 0x0218, 0x0218, 0, 0x0219, 0x0219, 1,
            0x021A, 0x021A, 0, 0x021B, 0x021B, 1, 0x021C, 0x021C, 0, 0x021D, 0x021D, 1, 0x021E, 0x021E, 0, 0x021F, 0x021F, 1,
            0x0220, 0x0220, 0, 0x0221, 0x0221, 1, 0x0222, 0x0222, 0, 0x0223, 0x0223, 1, 0x0224, 0x0224, 0, 0x0225, 0x0225, 1,
            0x0226, 0x0226, 0, 0x0227, 0x0227, 1, 0x0228, 0x0228, 0, 0x0229, 0x0229, 1, 0x022A, 0x022A, 0, 0x022B, 0x022B, 1,
            0x022C, 0x022C, 0, 0x022D, 0x022D, 1, 0x022E, 0x022E, 0, 0x022F, 0x022F, 1, 0x0230, 0x0230, 0, 0x0231, 0x0231, 1,
            0x0232, 0x0232, 0, 0x0233, 0x0239, 1, 0x023A, 0x023B, 0, 0x023C, 0x023C, 1, 0x023D, 0x023E, 0, 0x023F, 0x0240, 1,
            0x0241, 0x0241, 0, 0x0242, 0x0242, 1, 0x0243, 0x0246, 0, 0x0247, 0x0247, 1, 0x0248, 0x0248, 0, 0x0249, 0x0249, 1,
            0x024A, 0x024A, 0, 0x024B, 0x024B, 1, 0x024C, 0x024C, 0, 0x024D, 0x024D, 1, 0x024E, 0x024E, 0, 0x024F, 0x0293, 1,
            0x0294, 0x0295, 4, 0x0296, 0x02AF, 1, 0x02B0, 0x02C1, 3, 0x02C2, 0x02C5, 27, 0x02C6, 0x02D1, 3, 0x02D2, 0x02DF, 27,
            0x02E0, 0x02E4, 3, 0x02E5, 0x02EB, 27, 0x02EC, 0x02EC, 3, 0x02ED, 0x02ED, 27, 0x02EE, 0x02EE, 3, 0x02EF, 0x02FF, 27,
            0x0300, 0x036F, 5, 0x0370, 0x0370, 0, 0x0371, 0x0371, 1, 0x0372, 0x0372, 0, 0x0373, 0x0373, 1, 0x0374, 0x0374, 3,
            0x0375, 0x0375, 27, 0x0376, 0x0376, 0, 0x0377, 0x0377, 1, 0x037A, 0x037A, 3, 0x037B, 0x037D, 1, 0x037E, 0x037E, 24,
            0x037F, 0x037F, 0, 0x0384, 0x0385, 27, 0x0386, 0x0386, 0, 0x0387, 0x0387, 24, 0x0388, 0x038A, 0, 0x038C, 0x038C, 0,
            0x038E, 0x038F, 0, 0x0390, 0x0390, 1, 0x0391, 0x03A1, 0, 0x03A3, 0x03AB, 0, 0x03AC, 0x03CE, 1, 0x03CF, 0x03CF, 0,
            0x03D0, 0x03D1, 1, 0x03D2, 0x03D4, 0, 0x03D5, 0x03D7, 1, 0x03D8, 0x03D8, 0, 0x03D9, 0x03D9, 1, 0x03DA, 0x03DA, 0,
            0x03DB, 0x03DB, 1, 0x03DC, 0x03DC, 0, 0x03DD, 0x03DD, 1, 0x03DE, 0x03DE, 0, 0x03DF, 0x03DF, 1, 0x03E0, 0x03E0, 0,
            0x03E1, 0x03E1, 1, 0x03E2, 0x03E2, 0, 0x03E3, 0x03E3, 1, 0x03E4, 0x03E4, 0, 0x03E5, 0x03E5, 1, 0x03E6, 0x03E6, 0,
            0x03E7, 0x03E7, 1, 0x03E8, 0x03E8, 0, 0x03E9, 0x03E9, 1, 0x03EA, 0x03EA, 0, 0x03EB, 0x03EB, 1, 0x03EC, 0x03EC, 0,
            0x03ED, 0x03ED, 1, 0x03EE, 0x03EE, 0, 0x03EF, 0x03F3, 1, 0x03F4, 0x03F4, 0, 0x03F5, 0x03F5, 1, 0x03F6, 0x03F6, 25,
            0x03F7, 0x03F7, 0, 0x03F8, 0x03F8, 1, 0x03F9, 0x03FA, 0, 0x03FB, 0x03FC, 1, 0x03FD, 0x042F, 0, 0x0430, 0x045F, 1,
            0x0460, 0x0460, 0, 0x0461, 0x0461, 1, 0x0462, 0x0462, 0, 0x0463, 0x0463, 1, 0x0464, 0x0464, 0, 0x0465, 0x0465, 1,
            0x0466, 0x0466, 0, 0x0467, 0x0467, 1, 0x0468, 0x0468, 0, 0x0469, 0x0469, 1, 0x046A, 0x046A, 0, 0x046B, 0x046B, 1,
            0x046C, 0x046C, 0, 0x046D, 0x046D, 1, 0x046E, 0x046E, 0, 0x046F, 0x046F, 1, 0x0470, 0x0470, 0, 0x0471, 0x0471, 1,
            0x0472, 0x0472, 0, 0x0473, 0x0473, 1, 0x0474, 0x0474, 0, 0x0475, 0x0475, 1, 0x0476, 0x0476, 0, 0x0477, 0x0477, 1,
            0x0478, 0x0478, 0, 0x0479, 0x0479, 1, 0x047A, 0x047A, 0, 0x047B, 0x047B, 1, 0x047C, 0x047C, 0, 0x047D, 0x047D, 1,
            0x047E, 0x047E, 0, 0x047F, 0x047F, 1, 0x0480, 0x0480, 0, 0x0481, 0x0481, 1, 0x0482, 0x0482, 28, 0x0483, 0x0487, 5,
            0x0488, 0x0489, 7, 0x048A, 0x048A, 0, 0x048B, 0x048B, 1, 0x048C, 0x048C, 0, 0x048D, 0x048D, 1, 0x048E, 0x048E, 0,
            0x048F, 0x048F, 1, 0x0490, 0x0490, 0, 0x0491, 0x0491, 1, 0x0492, 0x0492, 0, 0x0493, 0x0493, 1, 0x0494, 0x0494, 0,
            0x0495, 0x0495, 1, 0x0496, 0x0496, 0, 0x0497, 0x0497, 1, 0x0498, 0x0498, 0, 0x0499, 0x0499, 1, 0x049A, 0x049A, 0,
            0x049B, 0x049B, 1, 0x049C, 0x049C, 0, 0x049D, 0x049D, 1, 0x049E, 0x049E, 0, 0x049F, 0x049F, 1, 0x04A0, 0x04A0, 0,
            0x04A1, 0x04A1, 1, 0x04A2, 0x04A2, 0, 0x04A3, 0x04A3, 1, 0x04A4, 0x04A4, 0, 0x04A5, 0x04A5, 1, 0x04A6, 0x04A6, 0,
            0x04A7, 0x04A7, 1, 0x04A8, 0x04A8, 0, 0x04A9, 0x04A9, 1, 0x04AA, 0x04AA, 0, 0x04AB, 0x04AB, 1, 0x04AC, 0x04AC, 0,
            0x04AD, 0x04AD, 1, 0x04AE, 0x04AE, 0, 0x04AF, 0x04AF, 1, 0x04B0, 0x04B0, 0, 0x04B1, 0x04B1, 1, 0x04B2, 0x04B2, 0,
            0x04B3, 0x04B3, 1, 0x04B4, 0x04B4, 0, 0x04B5, 0x04B5, 1, 0x04B6, 0x04B6, 0, 0x04B7, 0x04B7, 1, 0x04B8, 0x04B8, 0,
            0x04B9, 0x04B9, 1, 0x04BA, 0x04BA, 0, 0x04BB, 0x04BB, 1, 0x04BC, 0x04BC, 0, 0x04BD, 0x04BD, 1, 0x04BE, 0x04BE, 0,
            0x04BF, 0x04BF, 1, 0x04C0, 0x04C1, 0, 0x04C2, 0x04C2, 1, 0x04C3, 0x04C3, 0, 0x04C4, 0x04C4, 1, 0x04C5, 0x04C5, 0,
            0x04C6, 0x04C6, 1, 0x04C7, 0x04C7, 0, 0x04C8, 0x04C8, 1, 0x04C9, 0x04C9, 0, 0x04CA, 0x04CA, 1, 0x04CB, 0x04CB, 0,
            0x04CC, 0x04CC, 1, 0x04CD, 0x04CD, 0, 0x04CE, 0x04CF, 1, 0x04D0, 0x04D0, 0, 0x04D1, 0x04D1, 1, 0x04D2, 0x04D2, 0,
            0x04D3, 0x04D3, 1, 0x04D4, 0x04D4, 0, 0x04D5, 0x04D5, 1, 0x04D6, 0x04D6, 0, 0x04D7, 0x04D7, 1, 0x04D8, 0x04D8, 0,
            0x04D9, 0x04D9, 1, 0x04DA, 0x04DA, 0, 0x04DB, 0x04DB, 1, 0x04DC, 0x04DC, 0, 0x04DD, 0x04DD, 1, 0x04DE, 0x04DE, 0,
            0x04DF, 0x04DF, 1, 0x04E0, 0x04E0, 0, 0x04E1, 0x04E1, 1, 0x04E2, 0x04E2, 0, 0x04E3, 0x04E3, 1, 0x04E4, 0x04E4, 0,
            0x04E5, 0x04E5, 1, 0x04E6, 0x04E6, 0, 0x04E7, 0x04E7, 1, 0x04E8, 0x04E8, 0, 0x04E9, 0x04E9, 1, 0x04EA, 0x04EA, 0,
            0x04EB, 0x04EB, 1, 0x04EC, 0x04EC, 0, 0x04ED, 0x04ED, 1, 0x04EE, 0x04EE, 0, 0x04EF, 0x04EF, 1, 0x04F0, 0x04F0, 0,
            0x04F1, 0x04F1, 1, 0x04F2, 0x04F2, 0, 0x04F3, 0x04F3, 1, 0x04F4, 0x04F4, 0, 0x04F5, 0x04F5, 1, 0x04F6, 0x04F6, 0,
            0x04F7, 0x04F7, 1, 0x04F8, 0x04F8, 0, 0x04F9, 0x04F9, 1, 0x04FA, 0x04FA, 0, 0x04FB, 0x04FB, 1, 0x04FC, 0x04FC, 0,
            0x04FD, 0x04FD, 1, 0x04FE, 0x04FE, 0, 0x04FF, 0x04FF, 1, 0x0500, 0x0500, 0, 0x0501, 0x0501, 1, 0x0502, 0x0502, 0,
            0x0503, 0x0503, 1, 0x0504, 0x0504, 0, 0x0505, 0x0505, 1, 0x0506, 0x0506, 0, 0x0507, 0x0507, 1, 0x0508, 0x0508, 0,
            0x0509, 0x0509, 1, 0x050A, 0x050A, 0, 0x050B, 0x050B, 1, 0x050C, 0x050C, 0, 0x050D, 0x050D, 1, 0x050E, 0x050E, 0,
            0x050F, 0x050F, 1, 0x0510, 0x0510, 0, 0x0511, 0x0511, 1, 0x0512, 0x0512, 0, 0x0513, 0x0513, 1, 0x0514, 0x0514, 0,
            0x0515, 0x0515, 1, 0x0516, 0x0516, 0, 0x0517, 0x0517, 1, 0x0518, 0x0518, 0, 0x0519, 0x0519, 1, 0x051A, 0x051A, 0,
            0x051B, 0x051B, 1, 0x051C, 0x051C, 0, 0x051D, 0x051D, 1, 0x051E, 0x051E, 0, 0x051F, 0x051F, 1, 0x0520, 0x0520, 0,
            0x0521, 0x0521, 1, 0x0522, 0x0522, 0, 0x0523, 0x0523, 1, 0x0524, 0x0524, 0, 0x0525, 0x0525, 1, 0x0526, 0x0526, 0,
            0x0527, 0x0527, 1, 0x0528, 0x0528, 0, 0x0529, 0x0529, 1, 0x052A, 0x052A, 0, 0x052B, 0x052B, 1, 0x052C, 0x052C, 0,
            0x052D, 0x052D, 1, 0x052E, 0x052E, 0, 0x052F, 0x052F, 1, 0x0531, 0x0556, 0, 0x0558, 0x0559, 3, 0x055A, 0x055F, 24,
            0x0560, 0x0588, 1, 0x0589, 0x0589, 24, 0x058A, 0x058A, 19, 0x058B, 0x058C, 3, 0x058D, 0x058E, 28, 0x058F, 0x058F, 26,
            0x0591, 0x05BD, 5, 0x05BE, 0x05BE, 19, 0x05BF, 0x05BF, 5, 0x05C0, 0x05C0, 24, 0x05C1, 0x05C2, 5, 0x05C3, 0x05C3, 24,
            0x05C4, 0x05C5, 5, 0x05C6, 0x05C6, 24, 0x05C7, 0x05C9, 5, 0x05D0, 0x05EA, 4, 0x05EF, 0x05F2, 4, 0x05F3, 0x05F4, 24,
            0x0600, 0x0605, 15, 0x0606, 0x0608, 25, 0x0609, 0x060A, 24, 0x060B, 0x060B, 26, 0x060C, 0x060D, 24, 0x060E, 0x060F, 28,
            0x0610, 0x061A, 5, 0x061B, 0x061B, 24, 0x061C, 0x061C, 15, 0x061D, 0x061F, 24, 0x0620, 0x063F, 4, 0x0640, 0x0640, 3,
            0x0641, 0x064A, 4, 0x064B, 0x065F, 5, 0x0660, 0x0669, 8, 0x066A, 0x066D, 24, 0x066E, 0x066F, 4, 0x0670, 0x0670, 5,
            0x0671, 0x06D3, 4, 0x06D4, 0x06D4, 24, 0x06D5, 0x06D5, 4, 0x06D6, 0x06DC, 5, 0x06DD, 0x06DD, 15, 0x06DE, 0x06DE, 28,
            0x06DF, 0x06E4, 5, 0x06E5, 0x06E6, 3, 0x06E7, 0x06E8, 5, 0x06E9, 0x06E9, 28, 0x06EA, 0x06ED, 5, 0x06EE, 0x06EF, 4,
            0x06F0, 0x06F9, 8, 0x06FA, 0x06FC, 4, 0x06FD, 0x06FE, 28, 0x06FF, 0x06FF, 4, 0x0700, 0x070D, 24, 0x070F, 0x070F, 15,
            0x0710, 0x0710, 4, 0x0711, 0x0711, 5, 0x0712, 0x072F, 4, 0x0730, 0x074A, 5, 0x074D, 0x07A5, 4, 0x07A6, 0x07B0, 5,
            0x07B1, 0x07B1, 4, 0x07C0, 0x07C9, 8, 0x07CA, 0x07EA, 4, 0x07EB, 0x07F3, 5, 0x07F4, 0x07F5, 3, 0x07F6, 0x07F6, 28,
            0x07F7, 0x07F9, 24, 0x07FA, 0x07FA, 3, 0x07FD, 0x07FD, 5, 0x07FE, 0x07FF, 26, 0x0800, 0x0815, 4, 0x0816, 0x0819, 5,
            0x081A, 0x081A, 3, 0x081B, 0x0823, 5, 0x0824, 0x0824, 3, 0x0825, 0x0827, 5, 0x0828, 0x0828, 3, 0x0829, 0x082D, 5,
            0x0830, 0x083E, 24, 0x0840, 0x0858, 4, 0x0859, 0x085B, 5, 0x085E, 0x085E, 24, 0x0860, 0x086A, 4, 0x0870, 0x0887, 4,
            0x0888, 0x0888, 27, 0x0889, 0x088F, 4, 0x0890, 0x0891, 15, 0x0897, 0x089F, 5, 0x08A0, 0x08C8, 4, 0x08C9, 0x08C9, 3,
            0x08CA, 0x08E1, 5, 0x08E2, 0x08E2, 15, 0x08E3, 0x0902, 5, 0x0903, 0x0903, 6, 0x0904, 0x0939, 4, 0x093A, 0x093A, 5,
            0x093B, 0x093B, 6, 0x093C, 0x093C, 5, 0x093D, 0x093D, 4, 0x093E, 0x0940, 6, 0x0941, 0x0948, 5, 0x0949, 0x094C, 6,
            0x094D, 0x094D, 5, 0x094E, 0x094F, 6, 0x0950, 0x0950, 4, 0x0951, 0x0957, 5, 0x0958, 0x0961, 4, 0x0962, 0x0963, 5,
            0x0964, 0x0965, 24, 0x0966, 0x096F, 8, 0x0970, 0x0970, 24, 0x0971, 0x0971, 3, 0x0972, 0x0980, 4, 0x0981, 0x0981, 5,
            0x0982, 0x0983, 6, 0x0985, 0x098C, 4, 0x098F, 0x0990, 4, 0x0993, 0x09A8, 4, 0x09AA, 0x09B0, 4, 0x09B2, 0x09B2, 4,
            0x09B6, 0x09B9, 4, 0x09BC, 0x09BC, 5, 0x09BD, 0x09BD, 4, 0x09BE, 0x09C0, 6, 0x09C1, 0x09C4, 5, 0x09C7, 0x09C8, 6,
            0x09CB, 0x09CC, 6, 0x09CD, 0x09CD, 5, 0x09CE, 0x09CE, 4, 0x09D7, 0x09D7, 6, 0x09DC, 0x09DD, 4, 0x09DF, 0x09E1, 4,
            0x09E2, 0x09E3, 5, 0x09E6, 0x09EF, 8, 0x09F0, 0x09F1, 4, 0x09F2, 0x09F3, 26, 0x09F4, 0x09F9, 10, 0x09FA, 0x09FA, 28,
            0x09FB, 0x09FB, 26, 0x09FC, 0x09FC, 4, 0x09FD, 0x09FD, 24, 0x09FE, 0x09FE, 5, 0x0A01, 0x0A02, 5, 0x0A03, 0x0A03, 6,
            0x0A05, 0x0A0A, 4, 0x0A0F, 0x0A10, 4, 0x0A13, 0x0A28, 4, 0x0A2A, 0x0A30, 4, 0x0A32, 0x0A33, 4, 0x0A35, 0x0A36, 4,
            0x0A38, 0x0A39, 4, 0x0A3C, 0x0A3C, 5, 0x0A3E, 0x0A40, 6, 0x0A41, 0x0A42, 5, 0x0A47, 0x0A48, 5, 0x0A4B, 0x0A4D, 5,
            0x0A51, 0x0A51, 5, 0x0A59, 0x0A5C, 4, 0x0A5E, 0x0A5E, 4, 0x0A66, 0x0A6F, 8, 0x0A70, 0x0A71, 5, 0x0A72, 0x0A74, 4,
            0x0A75, 0x0A75, 5, 0x0A76, 0x0A76, 24, 0x0A81, 0x0A82, 5, 0x0A83, 0x0A83, 6, 0x0A85, 0x0A8D, 4, 0x0A8F, 0x0A91, 4,
            0x0A93, 0x0AA8, 4, 0x0AAA, 0x0AB0, 4, 0x0AB2, 0x0AB3, 4, 0x0AB5, 0x0AB9, 4, 0x0ABC, 0x0ABC, 5, 0x0ABD, 0x0ABD, 4,
            0x0ABE, 0x0AC0, 6, 0x0AC1, 0x0AC5, 5, 0x0AC7, 0x0AC8, 5, 0x0AC9, 0x0AC9, 6, 0x0ACB, 0x0ACC, 6, 0x0ACD, 0x0ACD, 5,
            0x0AD0, 0x0AD0, 4, 0x0AE0, 0x0AE1, 4, 0x0AE2, 0x0AE3, 5, 0x0AE6, 0x0AEF, 8, 0x0AF0, 0x0AF0, 24, 0x0AF1, 0x0AF1, 26,
            0x0AF9, 0x0AF9, 4, 0x0AFA, 0x0AFF, 5, 0x0B01, 0x0B01, 5, 0x0B02, 0x0B03, 6, 0x0B05, 0x0B0C, 4, 0x0B0F, 0x0B10, 4,
            0x0B13, 0x0B28, 4, 0x0B2A, 0x0B30, 4, 0x0B32, 0x0B33, 4, 0x0B35, 0x0B39, 4, 0x0B3C, 0x0B3C, 5, 0x0B3D, 0x0B3D, 4,
            0x0B3E, 0x0B3E, 6, 0x0B3F, 0x0B3F, 5, 0x0B40, 0x0B40, 6, 0x0B41, 0x0B44, 5, 0x0B47, 0x0B48, 6, 0x0B4B, 0x0B4C, 6,
            0x0B4D, 0x0B4D, 5, 0x0B53, 0x0B56, 5, 0x0B57, 0x0B57, 6, 0x0B5C, 0x0B5D, 4, 0x0B5F, 0x0B61, 4, 0x0B62, 0x0B63, 5,
            0x0B66, 0x0B6F, 8, 0x0B70, 0x0B70, 28, 0x0B71, 0x0B71, 4, 0x0B72, 0x0B77, 10, 0x0B82, 0x0B82, 5, 0x0B83, 0x0B83, 4,
            0x0B85, 0x0B8A, 4, 0x0B8E, 0x0B90, 4, 0x0B92, 0x0B95, 4, 0x0B99, 0x0B9A, 4, 0x0B9C, 0x0B9C, 4, 0x0B9E, 0x0B9F, 4,
            0x0BA3, 0x0BA4, 4, 0x0BA8, 0x0BAA, 4, 0x0BAE, 0x0BB9, 4, 0x0BBE, 0x0BBF, 6, 0x0BC0, 0x0BC0, 5, 0x0BC1, 0x0BC2, 6,
            0x0BC6, 0x0BC8, 6, 0x0BCA, 0x0BCC, 6, 0x0BCD, 0x0BCD, 5, 0x0BD0, 0x0BD0, 4, 0x0BD7, 0x0BD7, 6, 0x0BE6, 0x0BEF, 8,
            0x0BF0, 0x0BF2, 10, 0x0BF3, 0x0BF8, 28, 0x0BF9, 0x0BF9, 26, 0x0BFA, 0x0BFA, 28, 0x0C00, 0x0C00, 5, 0x0C01, 0x0C03, 6,
            0x0C04, 0x0C04, 5, 0x0C05, 0x0C0C, 4, 0x0C0E, 0x0C10, 4, 0x0C12, 0x0C28, 4, 0x0C2A, 0x0C39, 4, 0x0C3C, 0x0C3C, 5,
            0x0C3D, 0x0C3D, 4, 0x0C3E, 0x0C40, 5, 0x0C41, 0x0C44, 6, 0x0C46, 0x0C48, 5, 0x0C4A, 0x0C4D, 5, 0x0C55, 0x0C56, 5,
            0x0C58, 0x0C5A, 4, 0x0C5C, 0x0C5D, 4, 0x0C60, 0x0C61, 4, 0x0C62, 0x0C63, 5, 0x0C66, 0x0C6F, 8, 0x0C77, 0x0C77, 24,
            0x0C78, 0x0C7E, 10, 0x0C7F, 0x0C7F, 28, 0x0C80, 0x0C80, 4, 0x0C81, 0x0C81, 5, 0x0C82, 0x0C83, 6, 0x0C84, 0x0C84, 24,
            0x0C85, 0x0C8C, 4, 0x0C8E, 0x0C90, 4, 0x0C92, 0x0CA8, 4, 0x0CAA, 0x0CB3, 4, 0x0CB5, 0x0CB9, 4, 0x0CBC, 0x0CBC, 5,
            0x0CBD, 0x0CBD, 4, 0x0CBE, 0x0CBE, 6, 0x0CBF, 0x0CBF, 5, 0x0CC0, 0x0CC4, 6, 0x0CC6, 0x0CC6, 5, 0x0CC7, 0x0CC8, 6,
            0x0CCA, 0x0CCB, 6, 0x0CCC, 0x0CCD, 5, 0x0CD5, 0x0CD6, 6, 0x0CDC, 0x0CDE, 4, 0x0CE0, 0x0CE1, 4, 0x0CE2, 0x0CE3, 5,
            0x0CE6, 0x0CEF, 8, 0x0CF1, 0x0CF2, 4, 0x0CF3, 0x0CF3, 6, 0x0D00, 0x0D01, 5, 0x0D02, 0x0D03, 6, 0x0D04, 0x0D0C, 4,
            0x0D0E, 0x0D10, 4, 0x0D12, 0x0D3A, 4, 0x0D3B, 0x0D3C, 5, 0x0D3D, 0x0D3D, 4, 0x0D3E, 0x0D40, 6, 0x0D41, 0x0D44, 5,
            0x0D46, 0x0D48, 6, 0x0D4A, 0x0D4C, 6, 0x0D4D, 0x0D4D, 5, 0x0D4E, 0x0D4E, 4, 0x0D4F, 0x0D4F, 28, 0x0D54, 0x0D56, 4,
            0x0D57, 0x0D57, 6, 0x0D58, 0x0D5E, 10, 0x0D5F, 0x0D61, 4, 0x0D62, 0x0D63, 5, 0x0D66, 0x0D6F, 8, 0x0D70, 0x0D78, 10,
            0x0D79, 0x0D79, 28, 0x0D7A, 0x0D7F, 4, 0x0D81, 0x0D81, 5, 0x0D82, 0x0D83, 6, 0x0D85, 0x0D96, 4, 0x0D9A, 0x0DB1, 4,
            0x0DB3, 0x0DBB, 4, 0x0DBD, 0x0DBD, 4, 0x0DC0, 0x0DC6, 4, 0x0DCA, 0x0DCA, 5, 0x0DCF, 0x0DD1, 6, 0x0DD2, 0x0DD4, 5,
            0x0DD6, 0x0DD6, 5, 0x0DD8, 0x0DDF, 6, 0x0DE6, 0x0DEF, 8, 0x0DF2, 0x0DF3, 6, 0x0DF4, 0x0DF4, 24, 0x0E01, 0x0E30, 4,
            0x0E31, 0x0E31, 5, 0x0E32, 0x0E33, 4, 0x0E34, 0x0E3A, 5, 0x0E3F, 0x0E3F, 26, 0x0E40, 0x0E45, 4, 0x0E46, 0x0E46, 3,
            0x0E47, 0x0E4E, 5, 0x0E4F, 0x0E4F, 24, 0x0E50, 0x0E59, 8, 0x0E5A, 0x0E5B, 24, 0x0E81, 0x0E82, 4, 0x0E84, 0x0E84, 4,
            0x0E86, 0x0E8A, 4, 0x0E8C, 0x0EA3, 4, 0x0EA5, 0x0EA5, 4, 0x0EA7, 0x0EB0, 4, 0x0EB1, 0x0EB1, 5, 0x0EB2, 0x0EB3, 4,
            0x0EB4, 0x0EBC, 5, 0x0EBD, 0x0EBD, 4, 0x0EC0, 0x0EC4, 4, 0x0EC6, 0x0EC6, 3, 0x0EC8, 0x0ECE, 5, 0x0ED0, 0x0ED9, 8,
            0x0EDC, 0x0EDF, 4, 0x0F00, 0x0F00, 4, 0x0F01, 0x0F03, 28, 0x0F04, 0x0F12, 24, 0x0F13, 0x0F13, 28, 0x0F14, 0x0F14, 24,
            0x0F15, 0x0F17, 28, 0x0F18, 0x0F19, 5, 0x0F1A, 0x0F1F, 28, 0x0F20, 0x0F29, 8, 0x0F2A, 0x0F33, 10, 0x0F34, 0x0F34, 28,
            0x0F35, 0x0F35, 5, 0x0F36, 0x0F36, 28, 0x0F37, 0x0F37, 5, 0x0F38, 0x0F38, 28, 0x0F39, 0x0F39, 5, 0x0F3A, 0x0F3A, 20,
            0x0F3B, 0x0F3B, 21, 0x0F3C, 0x0F3C, 20, 0x0F3D, 0x0F3D, 21, 0x0F3E, 0x0F3F, 6, 0x0F40, 0x0F47, 4, 0x0F49, 0x0F6C, 4,
            0x0F71, 0x0F7E, 5, 0x0F7F, 0x0F7F, 6, 0x0F80, 0x0F84, 5, 0x0F85, 0x0F85, 24, 0x0F86, 0x0F87, 5, 0x0F88, 0x0F8C, 4,
            0x0F8D, 0x0F97, 5, 0x0F99, 0x0FBC, 5, 0x0FBE, 0x0FC5, 28, 0x0FC6, 0x0FC6, 5, 0x0FC7, 0x0FCC, 28, 0x0FCE, 0x0FCF, 28,
            0x0FD0, 0x0FD4, 24, 0x0FD5, 0x0FD8, 28, 0x0FD9, 0x0FDA, 24, 0x1000, 0x102A, 4, 0x102B, 0x102C, 6, 0x102D, 0x1030, 5,
            0x1031, 0x1031, 6, 0x1032, 0x1037, 5, 0x1038, 0x1038, 6, 0x1039, 0x103A, 5, 0x103B, 0x103C, 6, 0x103D, 0x103E, 5,
            0x103F, 0x103F, 4, 0x1040, 0x1049, 8, 0x104A, 0x104F, 24, 0x1050, 0x1055, 4, 0x1056, 0x1057, 6, 0x1058, 0x1059, 5,
            0x105A, 0x105D, 4, 0x105E, 0x1060, 5, 0x1061, 0x1061, 4, 0x1062, 0x1064, 6, 0x1065, 0x1066, 4, 0x1067, 0x106D, 6,
            0x106E, 0x1070, 4, 0x1071, 0x1074, 5, 0x1075, 0x1081, 4, 0x1082, 0x1082, 5, 0x1083, 0x1084, 6, 0x1085, 0x1086, 5,
            0x1087, 0x108C, 6, 0x108D, 0x108D, 5, 0x108E, 0x108E, 4, 0x108F, 0x108F, 6, 0x1090, 0x1099, 8, 0x109A, 0x109C, 6,
            0x109D, 0x109D, 5, 0x109E, 0x109F, 28, 0x10A0, 0x10C5, 0, 0x10C7, 0x10C7, 0, 0x10CD, 0x10CD, 0, 0x10D0, 0x10FA, 1,
            0x10FB, 0x10FB, 24, 0x10FC, 0x10FC, 3, 0x10FD, 0x10FF, 1, 0x1100, 0x1248, 4, 0x124A, 0x124D, 4, 0x1250, 0x1256, 4,
            0x1258, 0x1258, 4, 0x125A, 0x125D, 4, 0x1260, 0x1288, 4, 0x128A, 0x128D, 4, 0x1290, 0x12B0, 4, 0x12B2, 0x12B5, 4,
            0x12B8, 0x12BE, 4, 0x12C0, 0x12C0, 4, 0x12C2, 0x12C5, 4, 0x12C8, 0x12D6, 4, 0x12D8, 0x1310, 4, 0x1312, 0x1315, 4,
            0x1318, 0x135A, 4, 0x135D, 0x135F, 5, 0x1360, 0x1368, 24, 0x1369, 0x137C, 10, 0x1380, 0x138F, 4, 0x1390, 0x1399, 28,
            0x13A0, 0x13F5, 0, 0x13F8, 0x13FD, 1, 0x1400, 0x1400, 19, 0x1401, 0x166C, 4, 0x166D, 0x166D, 28, 0x166E, 0x166E, 24,
            0x166F, 0x167F, 4, 0x1680, 0x1680, 11, 0x1681, 0x169A, 4, 0x169B, 0x169B, 20, 0x169C, 0x169C, 21, 0x16A0, 0x16EA, 4,
            0x16EB, 0x16ED, 24, 0x16EE, 0x16F0, 9, 0x16F1, 0x16F8, 4, 0x1700, 0x1711, 4, 0x1712, 0x1714, 5, 0x1715, 0x1715, 6,
            0x171F, 0x1731, 4, 0x1732, 0x1733, 5, 0x1734, 0x1734, 6, 0x1735, 0x1736, 24, 0x1740, 0x1751, 4, 0x1752, 0x1753, 5,
            0x1760, 0x176C, 4, 0x176E, 0x1770, 4, 0x1772, 0x1773, 5, 0x1780, 0x17B3, 4, 0x17B4, 0x17B5, 5, 0x17B6, 0x17B6, 6,
            0x17B7, 0x17BD, 5, 0x17BE, 0x17C5, 6, 0x17C6, 0x17C6, 5, 0x17C7, 0x17C8, 6, 0x17C9, 0x17D3, 5, 0x17D4, 0x17D6, 24,
            0x17D7, 0x17D7, 3, 0x17D8, 0x17DA, 24, 0x17DB, 0x17DB, 26, 0x17DC, 0x17DC, 4, 0x17DD, 0x17DD, 5, 0x17E0, 0x17E9, 8,
            0x17F0, 0x17F9, 10, 0x1800, 0x1805, 24, 0x1806, 0x1806, 19, 0x1807, 0x180A, 24, 0x180B, 0x180D, 5, 0x180E, 0x180E, 15,
            0x180F, 0x180F, 5, 0x1810, 0x1819, 8, 0x1820, 0x1842, 4, 0x1843, 0x1843, 3, 0x1844, 0x1878, 4, 0x1880, 0x1884, 4,
            0x1885, 0x1886, 5, 0x1887, 0x18A8, 4, 0x18A9, 0x18A9, 5, 0x18AA, 0x18AA, 4, 0x18B0, 0x18F5, 4, 0x1900, 0x191E, 4,
            0x1920, 0x1922, 5, 0x1923, 0x1926, 6, 0x1927, 0x1928, 5, 0x1929, 0x192B, 6, 0x1930, 0x1931, 6, 0x1932, 0x1932, 5,
            0x1933, 0x1938, 6, 0x1939, 0x193B, 5, 0x1940, 0x1940, 28, 0x1944, 0x1945, 24, 0x1946, 0x194F, 8, 0x1950, 0x196D, 4,
            0x1970, 0x1974, 4, 0x1980, 0x19AB, 4, 0x19B0, 0x19C9, 4, 0x19D0, 0x19D9, 8, 0x19DA, 0x19DA, 10, 0x19DE, 0x19FF, 28,
            0x1A00, 0x1A16, 4, 0x1A17, 0x1A18, 5, 0x1A19, 0x1A1A, 6, 0x1A1B, 0x1A1B, 5, 0x1A1E, 0x1A1F, 24, 0x1A20, 0x1A54, 4,
            0x1A55, 0x1A55, 6, 0x1A56, 0x1A56, 5, 0x1A57, 0x1A57, 6, 0x1A58, 0x1A5E, 5, 0x1A60, 0x1A60, 5, 0x1A61, 0x1A61, 6,
            0x1A62, 0x1A62, 5, 0x1A63, 0x1A64, 6, 0x1A65, 0x1A6C, 5, 0x1A6D, 0x1A72, 6, 0x1A73, 0x1A7C, 5, 0x1A7F, 0x1A7F, 5,
            0x1A80, 0x1A89, 8, 0x1A90, 0x1A99, 8, 0x1AA0, 0x1AA6, 24, 0x1AA7, 0x1AA7, 3, 0x1AA8, 0x1AAD, 24, 0x1AB0, 0x1ABD, 5,
            0x1ABE, 0x1ABE, 7, 0x1ABF, 0x1AF0, 5, 0x1B00, 0x1B03, 5, 0x1B04, 0x1B04, 6, 0x1B05, 0x1B33, 4, 0x1B34, 0x1B34, 5,
            0x1B35, 0x1B35, 6, 0x1B36, 0x1B3A, 5, 0x1B3B, 0x1B3B, 6, 0x1B3C, 0x1B3C, 5, 0x1B3D, 0x1B41, 6, 0x1B42, 0x1B42, 5,
            0x1B43, 0x1B44, 6, 0x1B45, 0x1B4C, 4, 0x1B4E, 0x1B4F, 24, 0x1B50, 0x1B59, 8, 0x1B5A, 0x1B60, 24, 0x1B61, 0x1B6A, 28,
            0x1B6B, 0x1B73, 5, 0x1B74, 0x1B7C, 28, 0x1B7D, 0x1B7F, 24, 0x1B80, 0x1B81, 5, 0x1B82, 0x1B82, 6, 0x1B83, 0x1BA0, 4,
            0x1BA1, 0x1BA1, 6, 0x1BA2, 0x1BA5, 5, 0x1BA6, 0x1BA7, 6, 0x1BA8, 0x1BA9, 5, 0x1BAA, 0x1BAA, 6, 0x1BAB, 0x1BAD, 5,
            0x1BAE, 0x1BAF, 4, 0x1BB0, 0x1BB9, 8, 0x1BBA, 0x1BE5, 4, 0x1BE6, 0x1BE6, 5, 0x1BE7, 0x1BE7, 6, 0x1BE8, 0x1BE9, 5,
            0x1BEA, 0x1BEC, 6, 0x1BED, 0x1BED, 5, 0x1BEE, 0x1BEE, 6, 0x1BEF, 0x1BF1, 5, 0x1BF2, 0x1BF3, 6, 0x1BFC, 0x1BFF, 24,
            0x1C00, 0x1C23, 4, 0x1C24, 0x1C2B, 6, 0x1C2C, 0x1C33, 5, 0x1C34, 0x1C35, 6, 0x1C36, 0x1C37, 5, 0x1C3B, 0x1C3F, 24,
            0x1C40, 0x1C49, 8, 0x1C4D, 0x1C4F, 4, 0x1C50, 0x1C59, 8, 0x1C5A, 0x1C77, 4, 0x1C78, 0x1C7D, 3, 0x1C7E, 0x1C7F, 24,
            0x1C80, 0x1C88, 1, 0x1C89, 0x1C89, 0, 0x1C8A, 0x1C8A, 1, 0x1C90, 0x1CBA, 0, 0x1CBD, 0x1CBF, 0, 0x1CC0, 0x1CC7, 24,
            0x1CD0, 0x1CD2, 5, 0x1CD3, 0x1CD3, 24, 0x1CD4, 0x1CE0, 5, 0x1CE1, 0x1CE1, 6, 0x1CE2, 0x1CE8, 5, 0x1CE9, 0x1CEC, 4,
            0x1CED, 0x1CED, 5, 0x1CEE, 0x1CF3, 4, 0x1CF4, 0x1CF4, 5, 0x1CF5, 0x1CF6, 4, 0x1CF7, 0x1CF7, 6, 0x1CF8, 0x1CF9, 5,
            0x1CFA, 0x1CFA, 4, 0x1D00, 0x1D2B, 1, 0x1D2C, 0x1D6A, 3, 0x1D6B, 0x1D77, 1, 0x1D78, 0x1D78, 3, 0x1D79, 0x1D9A, 1,
            0x1D9B, 0x1DBF, 3, 0x1DC0, 0x1DFF, 5, 0x1E00, 0x1E00, 0, 0x1E01, 0x1E01, 1, 0x1E02, 0x1E02, 0, 0x1E03, 0x1E03, 1,
            0x1E04, 0x1E04, 0, 0x1E05, 0x1E05, 1, 0x1E06, 0x1E06, 0, 0x1E07, 0x1E07, 1, 0x1E08, 0x1E08, 0, 0x1E09, 0x1E09, 1,
            0x1E0A, 0x1E0A, 0, 0x1E0B, 0x1E0B, 1, 0x1E0C, 0x1E0C, 0, 0x1E0D, 0x1E0D, 1, 0x1E0E, 0x1E0E, 0, 0x1E0F, 0x1E0F, 1,
            0x1E10, 0x1E10, 0, 0x1E11, 0x1E11, 1, 0x1E12, 0x1E12, 0, 0x1E13, 0x1E13, 1, 0x1E14, 0x1E14, 0, 0x1E15, 0x1E15, 1,
            0x1E16, 0x1E16, 0, 0x1E17, 0x1E17, 1, 0x1E18, 0x1E18, 0, 0x1E19, 0x1E19, 1, 0x1E1A, 0x1E1A, 0, 0x1E1B, 0x1E1B, 1,
            0x1E1C, 0x1E1C, 0, 0x1E1D, 0x1E1D, 1, 0x1E1E, 0x1E1E, 0, 0x1E1F, 0x1E1F, 1, 0x1E20, 0x1E20, 0, 0x1E21, 0x1E21, 1,
            0x1E22, 0x1E22, 0, 0x1E23, 0x1E23, 1, 0x1E24, 0x1E24, 0, 0x1E25, 0x1E25, 1, 0x1E26, 0x1E26, 0, 0x1E27, 0x1E27, 1,
            0x1E28, 0x1E28, 0, 0x1E29, 0x1E29, 1, 0x1E2A, 0x1E2A, 0, 0x1E2B, 0x1E2B, 1, 0x1E2C, 0x1E2C, 0, 0x1E2D, 0x1E2D, 1,
            0x1E2E, 0x1E2E, 0, 0x1E2F, 0x1E2F, 1, 0x1E30, 0x1E30, 0, 0x1E31, 0x1E31, 1, 0x1E32, 0x1E32, 0, 0x1E33, 0x1E33, 1,
            0x1E34, 0x1E34, 0, 0x1E35, 0x1E35, 1, 0x1E36, 0x1E36, 0, 0x1E37, 0x1E37, 1, 0x1E38, 0x1E38, 0, 0x1E39, 0x1E39, 1,
            0x1E3A, 0x1E3A, 0, 0x1E3B, 0x1E3B, 1, 0x1E3C, 0x1E3C, 0, 0x1E3D, 0x1E3D, 1, 0x1E3E, 0x1E3E, 0, 0x1E3F, 0x1E3F, 1,
            0x1E40, 0x1E40, 0, 0x1E41, 0x1E41, 1, 0x1E42, 0x1E42, 0, 0x1E43, 0x1E43, 1, 0x1E44, 0x1E44, 0, 0x1E45, 0x1E45, 1,
            0x1E46, 0x1E46, 0, 0x1E47, 0x1E47, 1, 0x1E48, 0x1E48, 0, 0x1E49, 0x1E49, 1, 0x1E4A, 0x1E4A, 0, 0x1E4B, 0x1E4B, 1,
            0x1E4C, 0x1E4C, 0, 0x1E4D, 0x1E4D, 1, 0x1E4E, 0x1E4E, 0, 0x1E4F, 0x1E4F, 1, 0x1E50, 0x1E50, 0, 0x1E51, 0x1E51, 1,
            0x1E52, 0x1E52, 0, 0x1E53, 0x1E53, 1, 0x1E54, 0x1E54, 0, 0x1E55, 0x1E55, 1, 0x1E56, 0x1E56, 0, 0x1E57, 0x1E57, 1,
            0x1E58, 0x1E58, 0, 0x1E59, 0x1E59, 1, 0x1E5A, 0x1E5A, 0, 0x1E5B, 0x1E5B, 1, 0x1E5C, 0x1E5C, 0, 0x1E5D, 0x1E5D, 1,
            0x1E5E, 0x1E5E, 0, 0x1E5F, 0x1E5F, 1, 0x1E60, 0x1E60, 0, 0x1E61, 0x1E61, 1, 0x1E62, 0x1E62, 0, 0x1E63, 0x1E63, 1,
            0x1E64, 0x1E64, 0, 0x1E65, 0x1E65, 1, 0x1E66, 0x1E66, 0, 0x1E67, 0x1E67, 1, 0x1E68, 0x1E68, 0, 0x1E69, 0x1E69, 1,
            0x1E6A, 0x1E6A, 0, 0x1E6B, 0x1E6B, 1, 0x1E6C, 0x1E6C, 0, 0x1E6D, 0x1E6D, 1, 0x1E6E, 0x1E6E, 0, 0x1E6F, 0x1E6F, 1,
            0x1E70, 0x1E70, 0, 0x1E71, 0x1E71, 1, 0x1E72, 0x1E72, 0, 0x1E73, 0x1E73, 1, 0x1E74, 0x1E74, 0, 0x1E75, 0x1E75, 1,
            0x1E76, 0x1E76, 0, 0x1E77, 0x1E77, 1, 0x1E78, 0x1E78, 0, 0x1E79, 0x1E79, 1, 0x1E7A, 0x1E7A, 0, 0x1E7B, 0x1E7B, 1,
            0x1E7C, 0x1E7C, 0, 0x1E7D, 0x1E7D, 1, 0x1E7E, 0x1E7E, 0, 0x1E7F, 0x1E7F, 1, 0x1E80, 0x1E80, 0, 0x1E81, 0x1E81, 1,
            0x1E82, 0x1E82, 0, 0x1E83, 0x1E83, 1, 0x1E84, 0x1E84, 0, 0x1E85, 0x1E85, 1, 0x1E86, 0x1E86, 0, 0x1E87, 0x1E87, 1,
            0x1E88, 0x1E88, 0, 0x1E89, 0x1E89, 1, 0x1E8A, 0x1E8A, 0, 0x1E8B, 0x1E8B, 1, 0x1E8C, 0x1E8C, 0, 0x1E8D, 0x1E8D, 1,
            0x1E8E, 0x1E8E, 0, 0x1E8F, 0x1E8F, 1, 0x1E90, 0x1E90, 0, 0x1E91, 0x1E91, 1, 0x1E92, 0x1E92, 0, 0x1E93, 0x1E93, 1,
            0x1E94, 0x1E94, 0, 0x1E95, 0x1E9D, 1, 0x1E9E, 0x1E9E, 0, 0x1E9F, 0x1E9F, 1, 0x1EA0, 0x1EA0, 0, 0x1EA1, 0x1EA1, 1,
            0x1EA2, 0x1EA2, 0, 0x1EA3, 0x1EA3, 1, 0x1EA4, 0x1EA4, 0, 0x1EA5, 0x1EA5, 1, 0x1EA6, 0x1EA6, 0, 0x1EA7, 0x1EA7, 1,
            0x1EA8, 0x1EA8, 0, 0x1EA9, 0x1EA9, 1, 0x1EAA, 0x1EAA, 0, 0x1EAB, 0x1EAB, 1, 0x1EAC, 0x1EAC, 0, 0x1EAD, 0x1EAD, 1,
            0x1EAE, 0x1EAE, 0, 0x1EAF, 0x1EAF, 1, 0x1EB0, 0x1EB0, 0, 0x1EB1, 0x1EB1, 1, 0x1EB2, 0x1EB2, 0, 0x1EB3, 0x1EB3, 1,
            0x1EB4, 0x1EB4, 0, 0x1EB5, 0x1EB5, 1, 0x1EB6, 0x1EB6, 0, 0x1EB7, 0x1EB7, 1, 0x1EB8, 0x1EB8, 0, 0x1EB9, 0x1EB9, 1,
            0x1EBA, 0x1EBA, 0, 0x1EBB, 0x1EBB, 1, 0x1EBC, 0x1EBC, 0, 0x1EBD, 0x1EBD, 1, 0x1EBE, 0x1EBE, 0, 0x1EBF, 0x1EBF, 1,
            0x1EC0, 0x1EC0, 0, 0x1EC1, 0x1EC1, 1, 0x1EC2, 0x1EC2, 0, 0x1EC3, 0x1EC3, 1, 0x1EC4, 0x1EC4, 0, 0x1EC5, 0x1EC5, 1,
            0x1EC6, 0x1EC6, 0, 0x1EC7, 0x1EC7, 1, 0x1EC8, 0x1EC8, 0, 0x1EC9, 0x1EC9, 1, 0x1ECA, 0x1ECA, 0, 0x1ECB, 0x1ECB, 1,
            0x1ECC, 0x1ECC, 0, 0x1ECD, 0x1ECD, 1, 0x1ECE, 0x1ECE, 0, 0x1ECF, 0x1ECF, 1, 0x1ED0, 0x1ED0, 0, 0x1ED1, 0x1ED1, 1,
            0x1ED2, 0x1ED2, 0, 0x1ED3, 0x1ED3, 1, 0x1ED4, 0x1ED4, 0, 0x1ED5, 0x1ED5, 1, 0x1ED6, 0x1ED6, 0, 0x1ED7, 0x1ED7, 1,
            0x1ED8, 0x1ED8, 0, 0x1ED9, 0x1ED9, 1, 0x1EDA, 0x1EDA, 0, 0x1EDB, 0x1EDB, 1, 0x1EDC, 0x1EDC, 0, 0x1EDD, 0x1EDD, 1,
            0x1EDE, 0x1EDE, 0, 0x1EDF, 0x1EDF, 1, 0x1EE0, 0x1EE0, 0, 0x1EE1, 0x1EE1, 1, 0x1EE2, 0x1EE2, 0, 0x1EE3, 0x1EE3, 1,
            0x1EE4, 0x1EE4, 0, 0x1EE5, 0x1EE5, 1, 0x1EE6, 0x1EE6, 0, 0x1EE7, 0x1EE7, 1, 0x1EE8, 0x1EE8, 0, 0x1EE9, 0x1EE9, 1,
            0x1EEA, 0x1EEA, 0, 0x1EEB, 0x1EEB, 1, 0x1EEC, 0x1EEC, 0, 0x1EED, 0x1EED, 1, 0x1EEE, 0x1EEE, 0, 0x1EEF, 0x1EEF, 1,
            0x1EF0, 0x1EF0, 0, 0x1EF1, 0x1EF1, 1, 0x1EF2, 0x1EF2, 0, 0x1EF3, 0x1EF3, 1, 0x1EF4, 0x1EF4, 0, 0x1EF5, 0x1EF5, 1,
            0x1EF6, 0x1EF6, 0, 0x1EF7, 0x1EF7, 1, 0x1EF8, 0x1EF8, 0, 0x1EF9, 0x1EF9, 1, 0x1EFA, 0x1EFA, 0, 0x1EFB, 0x1EFB, 1,
            0x1EFC, 0x1EFC, 0, 0x1EFD, 0x1EFD, 1, 0x1EFE, 0x1EFE, 0, 0x1EFF, 0x1F07, 1, 0x1F08, 0x1F0F, 0, 0x1F10, 0x1F15, 1,
            0x1F18, 0x1F1D, 0, 0x1F20, 0x1F27, 1, 0x1F28, 0x1F2F, 0, 0x1F30, 0x1F37, 1, 0x1F38, 0x1F3F, 0, 0x1F40, 0x1F45, 1,
            0x1F48, 0x1F4D, 0, 0x1F50, 0x1F57, 1, 0x1F59, 0x1F59, 0, 0x1F5B, 0x1F5B, 0, 0x1F5D, 0x1F5D, 0, 0x1F5F, 0x1F5F, 0,
            0x1F60, 0x1F67, 1, 0x1F68, 0x1F6F, 0, 0x1F70, 0x1F7D, 1, 0x1F80, 0x1F87, 1, 0x1F88, 0x1F8F, 2, 0x1F90, 0x1F97, 1,
            0x1F98, 0x1F9F, 2, 0x1FA0, 0x1FA7, 1, 0x1FA8, 0x1FAF, 2, 0x1FB0, 0x1FB4, 1, 0x1FB6, 0x1FB7, 1, 0x1FB8, 0x1FBB, 0,
            0x1FBC, 0x1FBC, 2, 0x1FBD, 0x1FBD, 27, 0x1FBE, 0x1FBE, 1, 0x1FBF, 0x1FC1, 27, 0x1FC2, 0x1FC4, 1, 0x1FC6, 0x1FC7, 1,
            0x1FC8, 0x1FCB, 0, 0x1FCC, 0x1FCC, 2, 0x1FCD, 0x1FCF, 27, 0x1FD0, 0x1FD3, 1, 0x1FD6, 0x1FD7, 1, 0x1FD8, 0x1FDB, 0,
            0x1FDD, 0x1FDF, 27, 0x1FE0, 0x1FE7, 1, 0x1FE8, 0x1FEC, 0, 0x1FED, 0x1FEF, 27, 0x1FF2, 0x1FF4, 1, 0x1FF6, 0x1FF7, 1,
            0x1FF8, 0x1FFB, 0, 0x1FFC, 0x1FFC, 2, 0x1FFD, 0x1FFE, 27, 0x2000, 0x200A, 11, 0x200B, 0x200F, 15, 0x2010, 0x2015, 19,
            0x2016, 0x2017, 24, 0x2018, 0x2018, 22, 0x2019, 0x2019, 23, 0x201A, 0x201A, 20, 0x201B, 0x201C, 22, 0x201D, 0x201D, 23,
            0x201E, 0x201E, 20, 0x201F, 0x201F, 22, 0x2020, 0x2027, 24, 0x2028, 0x2028, 12, 0x2029, 0x2029, 13, 0x202A, 0x202E, 15,
            0x202F, 0x202F, 11, 0x2030, 0x2038, 24, 0x2039, 0x2039, 22, 0x203A, 0x203A, 23, 0x203B, 0x203E, 24, 0x203F, 0x2040, 18,
            0x2041, 0x2043, 24, 0x2044, 0x2044, 25, 0x2045, 0x2045, 20, 0x2046, 0x2046, 21, 0x2047, 0x2051, 24, 0x2052, 0x2052, 25,
            0x2053, 0x2053, 24, 0x2054, 0x2054, 18, 0x2055, 0x205E, 24, 0x205F, 0x205F, 11, 0x2060, 0x2064, 15, 0x2066, 0x206F, 15,
            0x2070, 0x2070, 10, 0x2071, 0x2071, 3, 0x2074, 0x2079, 10, 0x207A, 0x207C, 25, 0x207D, 0x207D, 20, 0x207E, 0x207E, 21,
            0x207F, 0x207F, 3, 0x2080, 0x2089, 10, 0x208A, 0x208C, 25, 0x208D, 0x208D, 20, 0x208E, 0x208E, 21, 0x208F, 0x209F, 3,
            0x20A0, 0x20C4, 26, 0x20D0, 0x20DC, 5, 0x20DD, 0x20E0, 7, 0x20E1, 0x20E1, 5, 0x20E2, 0x20E4, 7, 0x20E5, 0x20F0, 5,
            0x2100, 0x2101, 28, 0x2102, 0x2102, 0, 0x2103, 0x2106, 28, 0x2107, 0x2107, 0, 0x2108, 0x2109, 28, 0x210A, 0x210A, 1,
            0x210B, 0x210D, 0, 0x210E, 0x210F, 1, 0x2110, 0x2112, 0, 0x2113, 0x2113, 1, 0x2114, 0x2114, 28, 0x2115, 0x2115, 0,
            0x2116, 0x2117, 28, 0x2118, 0x2118, 25, 0x2119, 0x211D, 0, 0x211E, 0x2123, 28, 0x2124, 0x2124, 0, 0x2125, 0x2125, 28,
            0x2126, 0x2126, 0, 0x2127, 0x2127, 28, 0x2128, 0x2128, 0, 0x2129, 0x2129, 28, 0x212A, 0x212D, 0, 0x212E, 0x212E, 28,
            0x212F, 0x212F, 1, 0x2130, 0x2133, 0, 0x2134, 0x2134, 1, 0x2135, 0x2138, 4, 0x2139, 0x2139, 1, 0x213A, 0x213B, 28,
            0x213C, 0x213D, 1, 0x213E, 0x213F, 0, 0x2140, 0x2144, 25, 0x2145, 0x2145, 0, 0x2146, 0x2149, 1, 0x214A, 0x214A, 28,
            0x214B, 0x214B, 25, 0x214C, 0x214D, 28, 0x214E, 0x214E, 1, 0x214F, 0x214F, 28, 0x2150, 0x215F, 10, 0x2160, 0x2182, 9,
            0x2183, 0x2183, 0, 0x2184, 0x2184, 1, 0x2185, 0x2188, 9, 0x2189, 0x2189, 10, 0x218A, 0x218B, 28, 0x2190, 0x2194, 25,
            0x2195, 0x2199, 28, 0x219A, 0x219B, 25, 0x219C, 0x219F, 28, 0x21A0, 0x21A0, 25, 0x21A1, 0x21A2, 28, 0x21A3, 0x21A3, 25,
            0x21A4, 0x21A5, 28, 0x21A6, 0x21A6, 25, 0x21A7, 0x21AD, 28, 0x21AE, 0x21AE, 25, 0x21AF, 0x21CD, 28, 0x21CE, 0x21CF, 25,
            0x21D0, 0x21D1, 28, 0x21D2, 0x21D2, 25, 0x21D3, 0x21D3, 28, 0x21D4, 0x21D4, 25, 0x21D5, 0x21F3, 28, 0x21F4, 0x22FF, 25,
            0x2300, 0x2307, 28, 0x2308, 0x2308, 20, 0x2309, 0x2309, 21, 0x230A, 0x230A, 20, 0x230B, 0x230B, 21, 0x230C, 0x231F, 28,
            0x2320, 0x2321, 25, 0x2322, 0x2328, 28, 0x2329, 0x2329, 20, 0x232A, 0x232A, 21, 0x232B, 0x237B, 28, 0x237C, 0x237C, 25,
            0x237D, 0x239A, 28, 0x239B, 0x23B3, 25, 0x23B4, 0x23DB, 28, 0x23DC, 0x23E1, 25, 0x23E2, 0x2429, 28, 0x2440, 0x244A, 28,
            0x2460, 0x249B, 10, 0x249C, 0x24E9, 28, 0x24EA, 0x24FF, 10, 0x2500, 0x25B6, 28, 0x25B7, 0x25B7, 25, 0x25B8, 0x25C0, 28,
            0x25C1, 0x25C1, 25, 0x25C2, 0x25F7, 28, 0x25F8, 0x25FF, 25, 0x2600, 0x266E, 28, 0x266F, 0x266F, 25, 0x2670, 0x2767, 28,
            0x2768, 0x2768, 20, 0x2769, 0x2769, 21, 0x276A, 0x276A, 20, 0x276B, 0x276B, 21, 0x276C, 0x276C, 20, 0x276D, 0x276D, 21,
            0x276E, 0x276E, 20, 0x276F, 0x276F, 21, 0x2770, 0x2770, 20, 0x2771, 0x2771, 21, 0x2772, 0x2772, 20, 0x2773, 0x2773, 21,
            0x2774, 0x2774, 20, 0x2775, 0x2775, 21, 0x2776, 0x2793, 10, 0x2794, 0x27BF, 28, 0x27C0, 0x27C4, 25, 0x27C5, 0x27C5, 20,
            0x27C6, 0x27C6, 21, 0x27C7, 0x27E5, 25, 0x27E6, 0x27E6, 20, 0x27E7, 0x27E7, 21, 0x27E8, 0x27E8, 20, 0x27E9, 0x27E9, 21,
            0x27EA, 0x27EA, 20, 0x27EB, 0x27EB, 21, 0x27EC, 0x27EC, 20, 0x27ED, 0x27ED, 21, 0x27EE, 0x27EE, 20, 0x27EF, 0x27EF, 21,
            0x27F0, 0x27FF, 25, 0x2800, 0x28FF, 28, 0x2900, 0x2982, 25, 0x2983, 0x2983, 20, 0x2984, 0x2984, 21, 0x2985, 0x2985, 20,
            0x2986, 0x2986, 21, 0x2987, 0x2987, 20, 0x2988, 0x2988, 21, 0x2989, 0x2989, 20, 0x298A, 0x298A, 21, 0x298B, 0x298B, 20,
            0x298C, 0x298C, 21, 0x298D, 0x298D, 20, 0x298E, 0x298E, 21, 0x298F, 0x298F, 20, 0x2990, 0x2990, 21, 0x2991, 0x2991, 20,
            0x2992, 0x2992, 21, 0x2993, 0x2993, 20, 0x2994, 0x2994, 21, 0x2995, 0x2995, 20, 0x2996, 0x2996, 21, 0x2997, 0x2997, 20,
            0x2998, 0x2998, 21, 0x2999, 0x29D7, 25, 0x29D8, 0x29D8, 20, 0x29D9, 0x29D9, 21, 0x29DA, 0x29DA, 20, 0x29DB, 0x29DB, 21,
            0x29DC, 0x29FB, 25, 0x29FC, 0x29FC, 20, 0x29FD, 0x29FD, 21, 0x29FE, 0x2AFF, 25, 0x2B00, 0x2B2F, 28, 0x2B30, 0x2B44, 25,
            0x2B45, 0x2B46, 28, 0x2B47, 0x2B4C, 25, 0x2B4D, 0x2B73, 28, 0x2B76, 0x2BFF, 28, 0x2C00, 0x2C2F, 0, 0x2C30, 0x2C5F, 1,
            0x2C60, 0x2C60, 0, 0x2C61, 0x2C61, 1, 0x2C62, 0x2C64, 0, 0x2C65, 0x2C66, 1, 0x2C67, 0x2C67, 0, 0x2C68, 0x2C68, 1,
            0x2C69, 0x2C69, 0, 0x2C6A, 0x2C6A, 1, 0x2C6B, 0x2C6B, 0, 0x2C6C, 0x2C6C, 1, 0x2C6D, 0x2C70, 0, 0x2C71, 0x2C71, 1,
            0x2C72, 0x2C72, 0, 0x2C73, 0x2C74, 1, 0x2C75, 0x2C75, 0, 0x2C76, 0x2C7B, 1, 0x2C7C, 0x2C7D, 3, 0x2C7E, 0x2C80, 0,
            0x2C81, 0x2C81, 1, 0x2C82, 0x2C82, 0, 0x2C83, 0x2C83, 1, 0x2C84, 0x2C84, 0, 0x2C85, 0x2C85, 1, 0x2C86, 0x2C86, 0,
            0x2C87, 0x2C87, 1, 0x2C88, 0x2C88, 0, 0x2C89, 0x2C89, 1, 0x2C8A, 0x2C8A, 0, 0x2C8B, 0x2C8B, 1, 0x2C8C, 0x2C8C, 0,
            0x2C8D, 0x2C8D, 1, 0x2C8E, 0x2C8E, 0, 0x2C8F, 0x2C8F, 1, 0x2C90, 0x2C90, 0, 0x2C91, 0x2C91, 1, 0x2C92, 0x2C92, 0,
            0x2C93, 0x2C93, 1, 0x2C94, 0x2C94, 0, 0x2C95, 0x2C95, 1, 0x2C96, 0x2C96, 0, 0x2C97, 0x2C97, 1, 0x2C98, 0x2C98, 0,
            0x2C99, 0x2C99, 1, 0x2C9A, 0x2C9A, 0, 0x2C9B, 0x2C9B, 1, 0x2C9C, 0x2C9C, 0, 0x2C9D, 0x2C9D, 1, 0x2C9E, 0x2C9E, 0,
            0x2C9F, 0x2C9F, 1, 0x2CA0, 0x2CA0, 0, 0x2CA1, 0x2CA1, 1, 0x2CA2, 0x2CA2, 0, 0x2CA3, 0x2CA3, 1, 0x2CA4, 0x2CA4, 0,
            0x2CA5, 0x2CA5, 1, 0x2CA6, 0x2CA6, 0, 0x2CA7, 0x2CA7, 1, 0x2CA8, 0x2CA8, 0, 0x2CA9, 0x2CA9, 1, 0x2CAA, 0x2CAA, 0,
            0x2CAB, 0x2CAB, 1, 0x2CAC, 0x2CAC, 0, 0x2CAD, 0x2CAD, 1, 0x2CAE, 0x2CAE, 0, 0x2CAF, 0x2CAF, 1, 0x2CB0, 0x2CB0, 0,
            0x2CB1, 0x2CB1, 1, 0x2CB2, 0x2CB2, 0, 0x2CB3, 0x2CB3, 1, 0x2CB4, 0x2CB4, 0, 0x2CB5, 0x2CB5, 1, 0x2CB6, 0x2CB6, 0,
            0x2CB7, 0x2CB7, 1, 0x2CB8, 0x2CB8, 0, 0x2CB9, 0x2CB9, 1, 0x2CBA, 0x2CBA, 0, 0x2CBB, 0x2CBB, 1, 0x2CBC, 0x2CBC, 0,
            0x2CBD, 0x2CBD, 1, 0x2CBE, 0x2CBE, 0, 0x2CBF, 0x2CBF, 1, 0x2CC0, 0x2CC0, 0, 0x2CC1, 0x2CC1, 1, 0x2CC2, 0x2CC2, 0,
            0x2CC3, 0x2CC3, 1, 0x2CC4, 0x2CC4, 0, 0x2CC5, 0x2CC5, 1, 0x2CC6, 0x2CC6, 0, 0x2CC7, 0x2CC7, 1, 0x2CC8, 0x2CC8, 0,
            0x2CC9, 0x2CC9, 1, 0x2CCA, 0x2CCA, 0, 0x2CCB, 0x2CCB, 1, 0x2CCC, 0x2CCC, 0, 0x2CCD, 0x2CCD, 1, 0x2CCE, 0x2CCE, 0,
            0x2CCF, 0x2CCF, 1, 0x2CD0, 0x2CD0, 0, 0x2CD1, 0x2CD1, 1, 0x2CD2, 0x2CD2, 0, 0x2CD3, 0x2CD3, 1, 0x2CD4, 0x2CD4, 0,
            0x2CD5, 0x2CD5, 1, 0x2CD6, 0x2CD6, 0, 0x2CD7, 0x2CD7, 1, 0x2CD8, 0x2CD8, 0, 0x2CD9, 0x2CD9, 1, 0x2CDA, 0x2CDA, 0,
            0x2CDB, 0x2CDB, 1, 0x2CDC, 0x2CDC, 0, 0x2CDD, 0x2CDD, 1, 0x2CDE, 0x2CDE, 0, 0x2CDF, 0x2CDF, 1, 0x2CE0, 0x2CE0, 0,
            0x2CE1, 0x2CE1, 1, 0x2CE2, 0x2CE2, 0, 0x2CE3, 0x2CE4, 1, 0x2CE5, 0x2CEA, 28, 0x2CEB, 0x2CEB, 0, 0x2CEC, 0x2CEC, 1,
            0x2CED, 0x2CED, 0, 0x2CEE, 0x2CEE, 1, 0x2CEF, 0x2CF1, 5, 0x2CF2, 0x2CF2, 0, 0x2CF3, 0x2CF3, 1, 0x2CF9, 0x2CFC, 24,
            0x2CFD, 0x2CFD, 10, 0x2CFE, 0x2CFF, 24, 0x2D00, 0x2D25, 1, 0x2D27, 0x2D27, 1, 0x2D2D, 0x2D2D, 1, 0x2D30, 0x2D67, 4,
            0x2D6F, 0x2D6F, 3, 0x2D70, 0x2D70, 24, 0x2D7F, 0x2D7F, 5, 0x2D80, 0x2D96, 4, 0x2DA0, 0x2DA6, 4, 0x2DA8, 0x2DAE, 4,
            0x2DB0, 0x2DB6, 4, 0x2DB8, 0x2DBE, 4, 0x2DC0, 0x2DC6, 4, 0x2DC8, 0x2DCE, 4, 0x2DD0, 0x2DD6, 4, 0x2DD8, 0x2DDE, 4,
            0x2DE0, 0x2DFF, 5, 0x2E00, 0x2E01, 24, 0x2E02, 0x2E02, 22, 0x2E03, 0x2E03, 23, 0x2E04, 0x2E04, 22, 0x2E05, 0x2E05, 23,
            0x2E06, 0x2E08, 24, 0x2E09, 0x2E09, 22, 0x2E0A, 0x2E0A, 23, 0x2E0B, 0x2E0B, 24, 0x2E0C, 0x2E0C, 22, 0x2E0D, 0x2E0D, 23,
            0x2E0E, 0x2E16, 24, 0x2E17, 0x2E17, 19, 0x2E18, 0x2E19, 24, 0x2E1A, 0x2E1A, 19, 0x2E1B, 0x2E1B, 24, 0x2E1C, 0x2E1C, 22,
            0x2E1D, 0x2E1D, 23, 0x2E1E, 0x2E1F, 24, 0x2E20, 0x2E20, 22, 0x2E21, 0x2E21, 23, 0x2E22, 0x2E22, 20, 0x2E23, 0x2E23, 21,
            0x2E24, 0x2E24, 20, 0x2E25, 0x2E25, 21, 0x2E26, 0x2E26, 20, 0x2E27, 0x2E27, 21, 0x2E28, 0x2E28, 20, 0x2E29, 0x2E29, 21,
            0x2E2A, 0x2E2E, 24, 0x2E2F, 0x2E2F, 3, 0x2E30, 0x2E39, 24, 0x2E3A, 0x2E3B, 19, 0x2E3C, 0x2E3F, 24, 0x2E40, 0x2E40, 19,
            0x2E41, 0x2E41, 24, 0x2E42, 0x2E42, 20, 0x2E43, 0x2E4F, 24, 0x2E50, 0x2E51, 28, 0x2E52, 0x2E54, 24, 0x2E55, 0x2E55, 20,
            0x2E56, 0x2E56, 21, 0x2E57, 0x2E57, 20, 0x2E58, 0x2E58, 21, 0x2E59, 0x2E59, 20, 0x2E5A, 0x2E5A, 21, 0x2E5B, 0x2E5B, 20,
            0x2E5C, 0x2E5C, 21, 0x2E5D, 0x2E5D, 19, 0x2E60, 0x2E61, 24, 0x2E62, 0x2E62, 20, 0x2E63, 0x2E63, 21, 0x2E80, 0x2E99, 28,
            0x2E9B, 0x2EF3, 28, 0x2F00, 0x2FD5, 28, 0x2FF0, 0x2FFF, 28, 0x3000, 0x3000, 11, 0x3001, 0x3003, 24, 0x3004, 0x3004, 28,
            0x3005, 0x3005, 3, 0x3006, 0x3006, 4, 0x3007, 0x3007, 9, 0x3008, 0x3008, 20, 0x3009, 0x3009, 21, 0x300A, 0x300A, 20,
            0x300B, 0x300B, 21, 0x300C, 0x300C, 20, 0x300D, 0x300D, 21, 0x300E, 0x300E, 20, 0x300F, 0x300F, 21, 0x3010, 0x3010, 20,
            0x3011, 0x3011, 21, 0x3012, 0x3013, 28, 0x3014, 0x3014, 20, 0x3015, 0x3015, 21, 0x3016, 0x3016, 20, 0x3017, 0x3017, 21,
            0x3018, 0x3018, 20, 0x3019, 0x3019, 21, 0x301A, 0x301A, 20, 0x301B, 0x301B, 21, 0x301C, 0x301C, 19, 0x301D, 0x301D, 20,
            0x301E, 0x301F, 21, 0x3020, 0x3020, 28, 0x3021, 0x3029, 9, 0x302A, 0x302D, 5, 0x302E, 0x302F, 6, 0x3030, 0x3030, 19,
            0x3031, 0x3035, 3, 0x3036, 0x3037, 28, 0x3038, 0x303A, 9, 0x303B, 0x303B, 3, 0x303C, 0x303C, 4, 0x303D, 0x303D, 24,
            0x303E, 0x303F, 28, 0x3041, 0x3096, 4, 0x3099, 0x309A, 5, 0x309B, 0x309C, 27, 0x309D, 0x309E, 3, 0x309F, 0x309F, 4,
            0x30A0, 0x30A0, 19, 0x30A1, 0x30FA, 4, 0x30FB, 0x30FB, 24, 0x30FC, 0x30FE, 3, 0x30FF, 0x30FF, 4, 0x3105, 0x312F, 4,
            0x3131, 0x318E, 4, 0x3190, 0x3191, 28, 0x3192, 0x3195, 10, 0x3196, 0x319F, 28, 0x31A0, 0x31BF, 4, 0x31C0, 0x31E5, 28,
            0x31EF, 0x31EF, 28, 0x31F0, 0x31FF, 4, 0x3200, 0x321E, 28, 0x3220, 0x3229, 10, 0x322A, 0x3247, 28, 0x3248, 0x324F, 10,
            0x3250, 0x3250, 28, 0x3251, 0x325F, 10, 0x3260, 0x327F, 28, 0x3280, 0x3289, 10, 0x328A, 0x32B0, 28, 0x32B1, 0x32BF, 10,
            0x32C0, 0x33FF, 28, 0x3400, 0x4DBF, 4, 0x4DC0, 0x4DFF, 28, 0x4E00, 0xA014, 4, 0xA015, 0xA015, 3, 0xA016, 0xA48C, 4,
            0xA490, 0xA4C6, 28, 0xA4D0, 0xA4F7, 4, 0xA4F8, 0xA4FD, 3, 0xA4FE, 0xA4FF, 24, 0xA500, 0xA60B, 4, 0xA60C, 0xA60C, 3,
            0xA60D, 0xA60F, 24, 0xA610, 0xA61F, 4, 0xA620, 0xA629, 8, 0xA62A, 0xA62B, 4, 0xA640, 0xA640, 0, 0xA641, 0xA641, 1,
            0xA642, 0xA642, 0, 0xA643, 0xA643, 1, 0xA644, 0xA644, 0, 0xA645, 0xA645, 1, 0xA646, 0xA646, 0, 0xA647, 0xA647, 1,
            0xA648, 0xA648, 0, 0xA649, 0xA649, 1, 0xA64A, 0xA64A, 0, 0xA64B, 0xA64B, 1, 0xA64C, 0xA64C, 0, 0xA64D, 0xA64D, 1,
            0xA64E, 0xA64E, 0, 0xA64F, 0xA64F, 1, 0xA650, 0xA650, 0, 0xA651, 0xA651, 1, 0xA652, 0xA652, 0, 0xA653, 0xA653, 1,
            0xA654, 0xA654, 0, 0xA655, 0xA655, 1, 0xA656, 0xA656, 0, 0xA657, 0xA657, 1, 0xA658, 0xA658, 0, 0xA659, 0xA659, 1,
            0xA65A, 0xA65A, 0, 0xA65B, 0xA65B, 1, 0xA65C, 0xA65C, 0, 0xA65D, 0xA65D, 1, 0xA65E, 0xA65E, 0, 0xA65F, 0xA65F, 1,
            0xA660, 0xA660, 0, 0xA661, 0xA661, 1, 0xA662, 0xA662, 0, 0xA663, 0xA663, 1, 0xA664, 0xA664, 0, 0xA665, 0xA665, 1,
            0xA666, 0xA666, 0, 0xA667, 0xA667, 1, 0xA668, 0xA668, 0, 0xA669, 0xA669, 1, 0xA66A, 0xA66A, 0, 0xA66B, 0xA66B, 1,
            0xA66C, 0xA66C, 0, 0xA66D, 0xA66D, 1, 0xA66E, 0xA66E, 4, 0xA66F, 0xA66F, 5, 0xA670, 0xA672, 7, 0xA673, 0xA673, 24,
            0xA674, 0xA67D, 5, 0xA67E, 0xA67E, 24, 0xA67F, 0xA67F, 3, 0xA680, 0xA680, 0, 0xA681, 0xA681, 1, 0xA682, 0xA682, 0,
            0xA683, 0xA683, 1, 0xA684, 0xA684, 0, 0xA685, 0xA685, 1, 0xA686, 0xA686, 0, 0xA687, 0xA687, 1, 0xA688, 0xA688, 0,
            0xA689, 0xA689, 1, 0xA68A, 0xA68A, 0, 0xA68B, 0xA68B, 1, 0xA68C, 0xA68C, 0, 0xA68D, 0xA68D, 1, 0xA68E, 0xA68E, 0,
            0xA68F, 0xA68F, 1, 0xA690, 0xA690, 0, 0xA691, 0xA691, 1, 0xA692, 0xA692, 0, 0xA693, 0xA693, 1, 0xA694, 0xA694, 0,
            0xA695, 0xA695, 1, 0xA696, 0xA696, 0, 0xA697, 0xA697, 1, 0xA698, 0xA698, 0, 0xA699, 0xA699, 1, 0xA69A, 0xA69A, 0,
            0xA69B, 0xA69B, 1, 0xA69C, 0xA69D, 3, 0xA69E, 0xA69F, 5, 0xA6A0, 0xA6E5, 4, 0xA6E6, 0xA6EF, 9, 0xA6F0, 0xA6F1, 5,
            0xA6F2, 0xA6F7, 24, 0xA700, 0xA716, 27, 0xA717, 0xA71F, 3, 0xA720, 0xA721, 27, 0xA722, 0xA722, 0, 0xA723, 0xA723, 1,
            0xA724, 0xA724, 0, 0xA725, 0xA725, 1, 0xA726, 0xA726, 0, 0xA727, 0xA727, 1, 0xA728, 0xA728, 0, 0xA729, 0xA729, 1,
            0xA72A, 0xA72A, 0, 0xA72B, 0xA72B, 1, 0xA72C, 0xA72C, 0, 0xA72D, 0xA72D, 1, 0xA72E, 0xA72E, 0, 0xA72F, 0xA731, 1,
            0xA732, 0xA732, 0, 0xA733, 0xA733, 1, 0xA734, 0xA734, 0, 0xA735, 0xA735, 1, 0xA736, 0xA736, 0, 0xA737, 0xA737, 1,
            0xA738, 0xA738, 0, 0xA739, 0xA739, 1, 0xA73A, 0xA73A, 0, 0xA73B, 0xA73B, 1, 0xA73C, 0xA73C, 0, 0xA73D, 0xA73D, 1,
            0xA73E, 0xA73E, 0, 0xA73F, 0xA73F, 1, 0xA740, 0xA740, 0, 0xA741, 0xA741, 1, 0xA742, 0xA742, 0, 0xA743, 0xA743, 1,
            0xA744, 0xA744, 0, 0xA745, 0xA745, 1, 0xA746, 0xA746, 0, 0xA747, 0xA747, 1, 0xA748, 0xA748, 0, 0xA749, 0xA749, 1,
            0xA74A, 0xA74A, 0, 0xA74B, 0xA74B, 1, 0xA74C, 0xA74C, 0, 0xA74D, 0xA74D, 1, 0xA74E, 0xA74E, 0, 0xA74F, 0xA74F, 1,
            0xA750, 0xA750, 0, 0xA751, 0xA751, 1, 0xA752, 0xA752, 0, 0xA753, 0xA753, 1, 0xA754, 0xA754, 0, 0xA755, 0xA755, 1,
            0xA756, 0xA756, 0, 0xA757, 0xA757, 1, 0xA758, 0xA758, 0, 0xA759, 0xA759, 1, 0xA75A, 0xA75A, 0, 0xA75B, 0xA75B, 1,
            0xA75C, 0xA75C, 0, 0xA75D, 0xA75D, 1, 0xA75E, 0xA75E, 0, 0xA75F, 0xA75F, 1, 0xA760, 0xA760, 0, 0xA761, 0xA761, 1,
            0xA762, 0xA762, 0, 0xA763, 0xA763, 1, 0xA764, 0xA764, 0, 0xA765, 0xA765, 1, 0xA766, 0xA766, 0, 0xA767, 0xA767, 1,
            0xA768, 0xA768, 0, 0xA769, 0xA769, 1, 0xA76A, 0xA76A, 0, 0xA76B, 0xA76B, 1, 0xA76C, 0xA76C, 0, 0xA76D, 0xA76D, 1,
            0xA76E, 0xA76E, 0, 0xA76F, 0xA76F, 1, 0xA770, 0xA770, 3, 0xA771, 0xA778, 1, 0xA779, 0xA779, 0, 0xA77A, 0xA77A, 1,
            0xA77B, 0xA77B, 0, 0xA77C, 0xA77C, 1, 0xA77D, 0xA77E, 0, 0xA77F, 0xA77F, 1, 0xA780, 0xA780, 0, 0xA781, 0xA781, 1,
            0xA782, 0xA782, 0, 0xA783, 0xA783, 1, 0xA784, 0xA784, 0, 0xA785, 0xA785, 1, 0xA786, 0xA786, 0, 0xA787, 0xA787, 1,
            0xA788, 0xA788, 3, 0xA789, 0xA78A, 27, 0xA78B, 0xA78B, 0, 0xA78C, 0xA78C, 1, 0xA78D, 0xA78D, 0, 0xA78E, 0xA78E, 1,
            0xA78F, 0xA78F, 4, 0xA790, 0xA790, 0, 0xA791, 0xA791, 1, 0xA792, 0xA792, 0, 0xA793, 0xA795, 1, 0xA796, 0xA796, 0,
            0xA797, 0xA797, 1, 0xA798, 0xA798, 0, 0xA799, 0xA799, 1, 0xA79A, 0xA79A, 0, 0xA79B, 0xA79B, 1, 0xA79C, 0xA79C, 0,
            0xA79D, 0xA79D, 1, 0xA79E, 0xA79E, 0, 0xA79F, 0xA79F, 1, 0xA7A0, 0xA7A0, 0, 0xA7A1, 0xA7A1, 1, 0xA7A2, 0xA7A2, 0,
            0xA7A3, 0xA7A3, 1, 0xA7A4, 0xA7A4, 0, 0xA7A5, 0xA7A5, 1, 0xA7A6, 0xA7A6, 0, 0xA7A7, 0xA7A7, 1, 0xA7A8, 0xA7A8, 0,
            0xA7A9, 0xA7A9, 1, 0xA7AA, 0xA7AE, 0, 0xA7AF, 0xA7AF, 1, 0xA7B0, 0xA7B4, 0, 0xA7B5, 0xA7B5, 1, 0xA7B6, 0xA7B6, 0,
            0xA7B7, 0xA7B7, 1, 0xA7B8, 0xA7B8, 0, 0xA7B9, 0xA7B9, 1, 0xA7BA, 0xA7BA, 0, 0xA7BB, 0xA7BB, 1, 0xA7BC, 0xA7BC, 0,
            0xA7BD, 0xA7BD, 1, 0xA7BE, 0xA7BE, 0, 0xA7BF, 0xA7BF, 1, 0xA7C0, 0xA7C0, 0, 0xA7C1, 0xA7C1, 1, 0xA7C2, 0xA7C2, 0,
            0xA7C3, 0xA7C3, 1, 0xA7C4, 0xA7C7, 0, 0xA7C8, 0xA7C8, 1, 0xA7C9, 0xA7C9, 0, 0xA7CA, 0xA7CA, 1, 0xA7CB, 0xA7CC, 0,
            0xA7CD, 0xA7CD, 1, 0xA7CE, 0xA7CE, 0, 0xA7CF, 0xA7CF, 1, 0xA7D0, 0xA7D0, 0, 0xA7D1, 0xA7D1, 1, 0xA7D2, 0xA7D2, 0,
            0xA7D3, 0xA7D3, 1, 0xA7D4, 0xA7D4, 0, 0xA7D5, 0xA7D5, 1, 0xA7D6, 0xA7D6, 0, 0xA7D7, 0xA7D7, 1, 0xA7D8, 0xA7D8, 0,
            0xA7D9, 0xA7D9, 1, 0xA7DA, 0xA7DA, 0, 0xA7DB, 0xA7DB, 1, 0xA7DC, 0xA7DD, 0, 0xA7E2, 0xA7E2, 0, 0xA7F1, 0xA7F4, 3,
            0xA7F5, 0xA7F5, 0, 0xA7F6, 0xA7F6, 1, 0xA7F7, 0xA7F7, 4, 0xA7F8, 0xA7F9, 3, 0xA7FA, 0xA7FA, 1, 0xA7FB, 0xA801, 4,
            0xA802, 0xA802, 5, 0xA803, 0xA805, 4, 0xA806, 0xA806, 5, 0xA807, 0xA80A, 4, 0xA80B, 0xA80B, 5, 0xA80C, 0xA822, 4,
            0xA823, 0xA824, 6, 0xA825, 0xA826, 5, 0xA827, 0xA827, 6, 0xA828, 0xA82B, 28, 0xA82C, 0xA82C, 5, 0xA830, 0xA835, 10,
            0xA836, 0xA837, 28, 0xA838, 0xA838, 26, 0xA839, 0xA839, 28, 0xA840, 0xA873, 4, 0xA874, 0xA877, 24, 0xA880, 0xA881, 6,
            0xA882, 0xA8B3, 4, 0xA8B4, 0xA8C3, 6, 0xA8C4, 0xA8C5, 5, 0xA8CE, 0xA8CF, 24, 0xA8D0, 0xA8D9, 8, 0xA8E0, 0xA8F1, 5,
            0xA8F2, 0xA8F7, 4, 0xA8F8, 0xA8FA, 24, 0xA8FB, 0xA8FB, 4, 0xA8FC, 0xA8FC, 24, 0xA8FD, 0xA8FE, 4, 0xA8FF, 0xA8FF, 5,
            0xA900, 0xA909, 8, 0xA90A, 0xA925, 4, 0xA926, 0xA92D, 5, 0xA92E, 0xA92F, 24, 0xA930, 0xA946, 4, 0xA947, 0xA951, 5,
            0xA952, 0xA953, 6, 0xA95F, 0xA95F, 24, 0xA960, 0xA97C, 4, 0xA980, 0xA982, 5, 0xA983, 0xA983, 6, 0xA984, 0xA9B2, 4,
            0xA9B3, 0xA9B3, 5, 0xA9B4, 0xA9B5, 6, 0xA9B6, 0xA9B9, 5, 0xA9BA, 0xA9BB, 6, 0xA9BC, 0xA9BD, 5, 0xA9BE, 0xA9C0, 6,
            0xA9C1, 0xA9CD, 24, 0xA9CF, 0xA9CF, 3, 0xA9D0, 0xA9D9, 8, 0xA9DE, 0xA9DF, 24, 0xA9E0, 0xA9E4, 4, 0xA9E5, 0xA9E5, 5,
            0xA9E6, 0xA9E6, 3, 0xA9E7, 0xA9EF, 4, 0xA9F0, 0xA9F9, 8, 0xA9FA, 0xA9FE, 4, 0xAA00, 0xAA28, 4, 0xAA29, 0xAA2E, 5,
            0xAA2F, 0xAA30, 6, 0xAA31, 0xAA32, 5, 0xAA33, 0xAA34, 6, 0xAA35, 0xAA36, 5, 0xAA40, 0xAA42, 4, 0xAA43, 0xAA43, 5,
            0xAA44, 0xAA4B, 4, 0xAA4C, 0xAA4C, 5, 0xAA4D, 0xAA4D, 6, 0xAA50, 0xAA59, 8, 0xAA5C, 0xAA5F, 24, 0xAA60, 0xAA6F, 4,
            0xAA70, 0xAA70, 3, 0xAA71, 0xAA76, 4, 0xAA77, 0xAA79, 28, 0xAA7A, 0xAA7A, 4, 0xAA7B, 0xAA7B, 6, 0xAA7C, 0xAA7C, 5,
            0xAA7D, 0xAA7D, 6, 0xAA7E, 0xAAAF, 4, 0xAAB0, 0xAAB0, 5, 0xAAB1, 0xAAB1, 4, 0xAAB2, 0xAAB4, 5, 0xAAB5, 0xAAB6, 4,
            0xAAB7, 0xAAB8, 5, 0xAAB9, 0xAABD, 4, 0xAABE, 0xAABF, 5, 0xAAC0, 0xAAC0, 4, 0xAAC1, 0xAAC1, 5, 0xAAC2, 0xAAC2, 4,
            0xAADB, 0xAADC, 4, 0xAADD, 0xAADD, 3, 0xAADE, 0xAADF, 24, 0xAAE0, 0xAAEA, 4, 0xAAEB, 0xAAEB, 6, 0xAAEC, 0xAAED, 5,
            0xAAEE, 0xAAEF, 6, 0xAAF0, 0xAAF1, 24, 0xAAF2, 0xAAF2, 4, 0xAAF3, 0xAAF4, 3, 0xAAF5, 0xAAF5, 6, 0xAAF6, 0xAAF6, 5,
            0xAB01, 0xAB06, 4, 0xAB09, 0xAB0E, 4, 0xAB11, 0xAB16, 4, 0xAB20, 0xAB26, 4, 0xAB28, 0xAB2E, 4, 0xAB30, 0xAB5A, 1,
            0xAB5B, 0xAB5B, 27, 0xAB5C, 0xAB5F, 3, 0xAB60, 0xAB68, 1, 0xAB69, 0xAB69, 3, 0xAB6A, 0xAB6B, 27, 0xAB6C, 0xAB6D, 0,
            0xAB70, 0xABBF, 1, 0xABC0, 0xABE2, 4, 0xABE3, 0xABE4, 6, 0xABE5, 0xABE5, 5, 0xABE6, 0xABE7, 6, 0xABE8, 0xABE8, 5,
            0xABE9, 0xABEA, 6, 0xABEB, 0xABEB, 24, 0xABEC, 0xABEC, 6, 0xABED, 0xABED, 5, 0xABF0, 0xABF9, 8, 0xAC00, 0xD7A3, 4,
            0xD7B0, 0xD7C6, 4, 0xD7CB, 0xD7FB, 4, 0xD800, 0xDFFF, 16, 0xE000, 0xF8FF, 17, 0xF900, 0xFA6D, 4, 0xFA70, 0xFAD9, 4,
            0xFB00, 0xFB06, 1, 0xFB13, 0xFB17, 1, 0xFB1D, 0xFB1D, 4, 0xFB1E, 0xFB1E, 5, 0xFB1F, 0xFB28, 4, 0xFB29, 0xFB29, 25,
            0xFB2A, 0xFB36, 4, 0xFB38, 0xFB3C, 4, 0xFB3E, 0xFB3E, 4, 0xFB40, 0xFB41, 4, 0xFB43, 0xFB44, 4, 0xFB46, 0xFBB1, 4,
            0xFBB2, 0xFBC2, 27, 0xFBC3, 0xFBD2, 28, 0xFBD3, 0xFD3D, 4, 0xFD3E, 0xFD3E, 21, 0xFD3F, 0xFD3F, 20, 0xFD40, 0xFD4F, 28,
            0xFD50, 0xFD8F, 4, 0xFD90, 0xFD91, 28, 0xFD92, 0xFDC7, 4, 0xFDC8, 0xFDCF, 28, 0xFDF0, 0xFDFB, 4, 0xFDFC, 0xFDFC, 26,
            0xFDFD, 0xFDFF, 28, 0xFE00, 0xFE0F, 5, 0xFE10, 0xFE16, 24, 0xFE17, 0xFE17, 20, 0xFE18, 0xFE18, 21, 0xFE19, 0xFE19, 24,
            0xFE20, 0xFE2F, 5, 0xFE30, 0xFE30, 24, 0xFE31, 0xFE32, 19, 0xFE33, 0xFE34, 18, 0xFE35, 0xFE35, 20, 0xFE36, 0xFE36, 21,
            0xFE37, 0xFE37, 20, 0xFE38, 0xFE38, 21, 0xFE39, 0xFE39, 20, 0xFE3A, 0xFE3A, 21, 0xFE3B, 0xFE3B, 20, 0xFE3C, 0xFE3C, 21,
            0xFE3D, 0xFE3D, 20, 0xFE3E, 0xFE3E, 21, 0xFE3F, 0xFE3F, 20, 0xFE40, 0xFE40, 21, 0xFE41, 0xFE41, 20, 0xFE42, 0xFE42, 21,
            0xFE43, 0xFE43, 20, 0xFE44, 0xFE44, 21, 0xFE45, 0xFE46, 24, 0xFE47, 0xFE47, 20, 0xFE48, 0xFE48, 21, 0xFE49, 0xFE4C, 24,
            0xFE4D, 0xFE4F, 18, 0xFE50, 0xFE52, 24, 0xFE54, 0xFE57, 24, 0xFE58, 0xFE58, 19, 0xFE59, 0xFE59, 20, 0xFE5A, 0xFE5A, 21,
            0xFE5B, 0xFE5B, 20, 0xFE5C, 0xFE5C, 21, 0xFE5D, 0xFE5D, 20, 0xFE5E, 0xFE5E, 21, 0xFE5F, 0xFE61, 24, 0xFE62, 0xFE62, 25,
            0xFE63, 0xFE63, 19, 0xFE64, 0xFE66, 25, 0xFE68, 0xFE68, 24, 0xFE69, 0xFE69, 26, 0xFE6A, 0xFE6B, 24, 0xFE70, 0xFE74, 4,
            0xFE76, 0xFEFC, 4, 0xFEFF, 0xFEFF, 15, 0xFF01, 0xFF03, 24, 0xFF04, 0xFF04, 26, 0xFF05, 0xFF07, 24, 0xFF08, 0xFF08, 20,
            0xFF09, 0xFF09, 21, 0xFF0A, 0xFF0A, 24, 0xFF0B, 0xFF0B, 25, 0xFF0C, 0xFF0C, 24, 0xFF0D, 0xFF0D, 19, 0xFF0E, 0xFF0F, 24,
            0xFF10, 0xFF19, 8, 0xFF1A, 0xFF1B, 24, 0xFF1C, 0xFF1E, 25, 0xFF1F, 0xFF20, 24, 0xFF21, 0xFF3A, 0, 0xFF3B, 0xFF3B, 20,
            0xFF3C, 0xFF3C, 24, 0xFF3D, 0xFF3D, 21, 0xFF3E, 0xFF3E, 27, 0xFF3F, 0xFF3F, 18, 0xFF40, 0xFF40, 27, 0xFF41, 0xFF5A, 1,
            0xFF5B, 0xFF5B, 20, 0xFF5C, 0xFF5C, 25, 0xFF5D, 0xFF5D, 21, 0xFF5E, 0xFF5E, 25, 0xFF5F, 0xFF5F, 20, 0xFF60, 0xFF60, 21,
            0xFF61, 0xFF61, 24, 0xFF62, 0xFF62, 20, 0xFF63, 0xFF63, 21, 0xFF64, 0xFF65, 24, 0xFF66, 0xFF6F, 4, 0xFF70, 0xFF70, 3,
            0xFF71, 0xFF9D, 4, 0xFF9E, 0xFF9F, 3, 0xFFA0, 0xFFBE, 4, 0xFFC2, 0xFFC7, 4, 0xFFCA, 0xFFCF, 4, 0xFFD2, 0xFFD7, 4,
            0xFFDA, 0xFFDC, 4, 0xFFE0, 0xFFE1, 26, 0xFFE2, 0xFFE2, 25, 0xFFE3, 0xFFE3, 27, 0xFFE4, 0xFFE4, 28, 0xFFE5, 0xFFE6, 26,
            0xFFE8, 0xFFE8, 28, 0xFFE9, 0xFFEC, 25, 0xFFED, 0xFFEE, 28, 0xFFF9, 0xFFFB, 15, 0xFFFC, 0xFFFD, 28, 0x10000, 0x1000B, 4,
            0x1000D, 0x10026, 4, 0x10028, 0x1003A, 4, 0x1003C, 0x1003D, 4, 0x1003F, 0x1004D, 4, 0x10050, 0x1005D, 4, 0x10080, 0x100FA, 4,
            0x10100, 0x10102, 24, 0x10107, 0x10133, 10, 0x10137, 0x1013F, 28, 0x10140, 0x10174, 9, 0x10175, 0x10178, 10, 0x10179, 0x10189, 28,
            0x1018A, 0x1018B, 10, 0x1018C, 0x1018E, 28, 0x10190, 0x1019C, 28, 0x101A0, 0x101A0, 28, 0x101D0, 0x101FC, 28, 0x101FD, 0x101FD, 5,
            0x10280, 0x1029C, 4, 0x102A0, 0x102D0, 4, 0x102E0, 0x102E0, 5, 0x102E1, 0x102FB, 10, 0x10300, 0x1031F, 4, 0x10320, 0x10323, 10,
            0x1032D, 0x10340, 4, 0x10341, 0x10341, 9, 0x10342, 0x10349, 4, 0x1034A, 0x1034A, 9, 0x10350, 0x10375, 4, 0x10376, 0x1037A, 5,
            0x10380, 0x1039D, 4, 0x1039F, 0x1039F, 24, 0x103A0, 0x103C3, 4, 0x103C8, 0x103CF, 4, 0x103D0, 0x103D0, 24, 0x103D1, 0x103D5, 9,
            0x10400, 0x10427, 0, 0x10428, 0x1044F, 1, 0x10450, 0x1049D, 4, 0x104A0, 0x104A9, 8, 0x104B0, 0x104D3, 0, 0x104D8, 0x104FB, 1,
            0x10500, 0x10527, 4, 0x10530, 0x10563, 4, 0x1056F, 0x1056F, 24, 0x10570, 0x1057A, 0, 0x1057C, 0x1058A, 0, 0x1058C, 0x10592, 0,
            0x10594, 0x10595, 0, 0x10597, 0x105A1, 1, 0x105A3, 0x105B1, 1, 0x105B3, 0x105B9, 1, 0x105BB, 0x105BC, 1, 0x105C0, 0x105F3, 4,
            0x10600, 0x10736, 4, 0x10740, 0x10755, 4, 0x10760, 0x10767, 4, 0x10780, 0x10785, 3, 0x10787, 0x107B0, 3, 0x107B2, 0x107BF, 3,
            0x10800, 0x10805, 4, 0x10808, 0x10808, 4, 0x1080A, 0x10835, 4, 0x10837, 0x10838, 4, 0x1083C, 0x1083C, 4, 0x1083F, 0x10855, 4,
            0x10857, 0x10857, 24, 0x10858, 0x1085F, 10, 0x10860, 0x10876, 4, 0x10877, 0x10878, 28, 0x10879, 0x1087F, 10, 0x10880, 0x1089E, 4,
            0x108A7, 0x108AF, 10, 0x108E0, 0x108F2, 4, 0x108F4, 0x108F5, 4, 0x108FB, 0x108FF, 10, 0x10900, 0x10915, 4, 0x10916, 0x1091B, 10,
            0x1091F, 0x1091F, 24, 0x10920, 0x10939, 4, 0x1093F, 0x1093F, 24, 0x10940, 0x10959, 4, 0x10980, 0x109B7, 4, 0x109BC, 0x109BD, 10,
            0x109BE, 0x109BF, 4, 0x109C0, 0x109CF, 10, 0x109D2, 0x109FF, 10, 0x10A00, 0x10A00, 4, 0x10A01, 0x10A03, 5, 0x10A05, 0x10A06, 5,
            0x10A0C, 0x10A0F, 5, 0x10A10, 0x10A13, 4, 0x10A15, 0x10A17, 4, 0x10A19, 0x10A35, 4, 0x10A38, 0x10A3A, 5, 0x10A3F, 0x10A3F, 5,
            0x10A40, 0x10A48, 10, 0x10A50, 0x10A58, 24, 0x10A60, 0x10A7C, 4, 0x10A7D, 0x10A7E, 10, 0x10A7F, 0x10A7F, 24, 0x10A80, 0x10A9C, 4,
            0x10A9D, 0x10A9F, 10, 0x10AC0, 0x10AC7, 4, 0x10AC8, 0x10AC8, 28, 0x10AC9, 0x10AE4, 4, 0x10AE5, 0x10AE6, 5, 0x10AEB, 0x10AEF, 10,
            0x10AF0, 0x10AF6, 24, 0x10B00, 0x10B35, 4, 0x10B39, 0x10B3F, 24, 0x10B40, 0x10B55, 4, 0x10B58, 0x10B5F, 10, 0x10B60, 0x10B72, 4,
            0x10B78, 0x10B7F, 10, 0x10B80, 0x10B91, 4, 0x10B99, 0x10B9C, 24, 0x10BA9, 0x10BAF, 10, 0x10C00, 0x10C48, 4, 0x10C80, 0x10CB2, 0,
            0x10CC0, 0x10CF2, 1, 0x10CFA, 0x10CFF, 10, 0x10D00, 0x10D23, 4, 0x10D24, 0x10D27, 5, 0x10D30, 0x10D39, 8, 0x10D40, 0x10D49, 8,
            0x10D4A, 0x10D4D, 4, 0x10D4E, 0x10D4E, 3, 0x10D4F, 0x10D4F, 4, 0x10D50, 0x10D65, 0, 0x10D69, 0x10D6D, 5, 0x10D6E, 0x10D6E, 19,
            0x10D6F, 0x10D6F, 3, 0x10D70, 0x10D85, 1, 0x10D8E, 0x10D8F, 25, 0x10E60, 0x10E7E, 10, 0x10E80, 0x10EA9, 4, 0x10EAB, 0x10EAC, 5,
            0x10EAD, 0x10EAD, 19, 0x10EB0, 0x10EB1, 4, 0x10EC2, 0x10EC4, 4, 0x10EC5, 0x10EC5, 3, 0x10EC6, 0x10EC7, 4, 0x10EC9, 0x10ECA, 27,
            0x10ECB, 0x10ECF, 5, 0x10ED0, 0x10ED0, 24, 0x10ED1, 0x10ED8, 28, 0x10ED9, 0x10EEE, 4, 0x10EF0, 0x10EFF, 5, 0x10F00, 0x10F1C, 4,
            0x10F1D, 0x10F26, 10, 0x10F27, 0x10F27, 4, 0x10F30, 0x10F45, 4, 0x10F46, 0x10F50, 5, 0x10F51, 0x10F54, 10, 0x10F55, 0x10F59, 24,
            0x10F70, 0x10F81, 4, 0x10F82, 0x10F85, 5, 0x10F86, 0x10F89, 24, 0x10FB0, 0x10FC4, 4, 0x10FC5, 0x10FCB, 10, 0x10FE0, 0x10FF6, 4,
            0x11000, 0x11000, 6, 0x11001, 0x11001, 5, 0x11002, 0x11002, 6, 0x11003, 0x11037, 4, 0x11038, 0x11046, 5, 0x11047, 0x1104D, 24,
            0x11052, 0x11065, 10, 0x11066, 0x1106F, 8, 0x11070, 0x11070, 5, 0x11071, 0x11072, 4, 0x11073, 0x11074, 5, 0x11075, 0x11075, 4,
            0x1107F, 0x11081, 5, 0x11082, 0x11082, 6, 0x11083, 0x110AF, 4, 0x110B0, 0x110B2, 6, 0x110B3, 0x110B6, 5, 0x110B7, 0x110B8, 6,
            0x110B9, 0x110BA, 5, 0x110BB, 0x110BC, 24, 0x110BD, 0x110BD, 15, 0x110BE, 0x110C1, 24, 0x110C2, 0x110C2, 5, 0x110CD, 0x110CD, 15,
            0x110D0, 0x110E8, 4, 0x110F0, 0x110F9, 8, 0x11100, 0x11102, 5, 0x11103, 0x11126, 4, 0x11127, 0x1112B, 5, 0x1112C, 0x1112C, 6,
            0x1112D, 0x11134, 5, 0x11136, 0x1113F, 8, 0x11140, 0x11143, 24, 0x11144, 0x11144, 4, 0x11145, 0x11146, 6, 0x11147, 0x11147, 4,
            0x11150, 0x11172, 4, 0x11173, 0x11173, 5, 0x11174, 0x11175, 24, 0x11176, 0x11176, 4, 0x11180, 0x11181, 5, 0x11182, 0x11182, 6,
            0x11183, 0x111B2, 4, 0x111B3, 0x111B5, 6, 0x111B6, 0x111BE, 5, 0x111BF, 0x111C0, 6, 0x111C1, 0x111C4, 4, 0x111C5, 0x111C8, 24,
            0x111C9, 0x111CC, 5, 0x111CD, 0x111CD, 24, 0x111CE, 0x111CE, 6, 0x111CF, 0x111CF, 5, 0x111D0, 0x111D9, 8, 0x111DA, 0x111DA, 4,
            0x111DB, 0x111DB, 24, 0x111DC, 0x111DC, 4, 0x111DD, 0x111DF, 24, 0x111E1, 0x111F4, 10, 0x11200, 0x11211, 4, 0x11213, 0x1122B, 4,
            0x1122C, 0x1122E, 6, 0x1122F, 0x11231, 5, 0x11232, 0x11233, 6, 0x11234, 0x11234, 5, 0x11235, 0x11235, 6, 0x11236, 0x11237, 5,
            0x11238, 0x1123D, 24, 0x1123E, 0x1123E, 5, 0x1123F, 0x11240, 4, 0x11241, 0x11241, 5, 0x11280, 0x11286, 4, 0x11288, 0x11288, 4,
            0x1128A, 0x1128D, 4, 0x1128F, 0x1129D, 4, 0x1129F, 0x112A8, 4, 0x112A9, 0x112A9, 24, 0x112B0, 0x112DE, 4, 0x112DF, 0x112DF, 5,
            0x112E0, 0x112E2, 6, 0x112E3, 0x112EA, 5, 0x112F0, 0x112F9, 8, 0x11300, 0x11301, 5, 0x11302, 0x11303, 6, 0x11305, 0x1130C, 4,
            0x1130F, 0x11310, 4, 0x11313, 0x11328, 4, 0x1132A, 0x11330, 4, 0x11332, 0x11333, 4, 0x11335, 0x11339, 4, 0x1133B, 0x1133C, 5,
            0x1133D, 0x1133D, 4, 0x1133E, 0x1133F, 6, 0x11340, 0x11340, 5, 0x11341, 0x11344, 6, 0x11347, 0x11348, 6, 0x1134B, 0x1134D, 6,
            0x11350, 0x11350, 4, 0x11357, 0x11357, 6, 0x1135D, 0x11361, 4, 0x11362, 0x11363, 6, 0x11366, 0x1136C, 5, 0x11370, 0x11374, 5,
            0x11380, 0x11389, 4, 0x1138B, 0x1138B, 4, 0x1138E, 0x1138E, 4, 0x11390, 0x113B5, 4, 0x113B7, 0x113B7, 4, 0x113B8, 0x113BA, 6,
            0x113BB, 0x113C0, 5, 0x113C2, 0x113C2, 6, 0x113C5, 0x113C5, 6, 0x113C7, 0x113CA, 6, 0x113CC, 0x113CD, 6, 0x113CE, 0x113CE, 5,
            0x113CF, 0x113CF, 6, 0x113D0, 0x113D0, 5, 0x113D1, 0x113D1, 4, 0x113D2, 0x113D2, 5, 0x113D3, 0x113D3, 4, 0x113D4, 0x113D5, 24,
            0x113D7, 0x113D8, 24, 0x113E1, 0x113E2, 5, 0x11400, 0x11434, 4, 0x11435, 0x11437, 6, 0x11438, 0x1143F, 5, 0x11440, 0x11441, 6,
            0x11442, 0x11444, 5, 0x11445, 0x11445, 6, 0x11446, 0x11446, 5, 0x11447, 0x1144A, 4, 0x1144B, 0x1144F, 24, 0x11450, 0x11459, 8,
            0x1145A, 0x1145B, 24, 0x1145D, 0x1145D, 24, 0x1145E, 0x1145E, 5, 0x1145F, 0x11461, 4, 0x11480, 0x114AF, 4, 0x114B0, 0x114B2, 6,
            0x114B3, 0x114B8, 5, 0x114B9, 0x114B9, 6, 0x114BA, 0x114BA, 5, 0x114BB, 0x114BE, 6, 0x114BF, 0x114C0, 5, 0x114C1, 0x114C1, 6,
            0x114C2, 0x114C3, 5, 0x114C4, 0x114C5, 4, 0x114C6, 0x114C6, 24, 0x114C7, 0x114C7, 4, 0x114D0, 0x114D9, 8, 0x11580, 0x115AE, 4,
            0x115AF, 0x115B1, 6, 0x115B2, 0x115B5, 5, 0x115B8, 0x115BB, 6, 0x115BC, 0x115BD, 5, 0x115BE, 0x115BE, 6, 0x115BF, 0x115C0, 5,
            0x115C1, 0x115D7, 24, 0x115D8, 0x115DB, 4, 0x115DC, 0x115DD, 5, 0x11600, 0x1162F, 4, 0x11630, 0x11632, 6, 0x11633, 0x1163A, 5,
            0x1163B, 0x1163C, 6, 0x1163D, 0x1163D, 5, 0x1163E, 0x1163E, 6, 0x1163F, 0x11640, 5, 0x11641, 0x11643, 24, 0x11644, 0x11644, 4,
            0x11650, 0x11659, 8, 0x11660, 0x1166C, 24, 0x11680, 0x116AA, 4, 0x116AB, 0x116AB, 5, 0x116AC, 0x116AC, 6, 0x116AD, 0x116AD, 5,
            0x116AE, 0x116AF, 6, 0x116B0, 0x116B5, 5, 0x116B6, 0x116B6, 6, 0x116B7, 0x116B7, 5, 0x116B8, 0x116B8, 4, 0x116B9, 0x116B9, 24,
            0x116C0, 0x116C9, 8, 0x116D0, 0x116E3, 8, 0x11700, 0x1171A, 4, 0x1171D, 0x1171D, 5, 0x1171E, 0x1171E, 6, 0x1171F, 0x1171F, 5,
            0x11720, 0x11721, 6, 0x11722, 0x11725, 5, 0x11726, 0x11726, 6, 0x11727, 0x1172B, 5, 0x11730, 0x11739, 8, 0x1173A, 0x1173B, 10,
            0x1173C, 0x1173E, 24, 0x1173F, 0x1173F, 28, 0x11740, 0x11746, 4, 0x11800, 0x1182B, 4, 0x1182C, 0x1182E, 6, 0x1182F, 0x11837, 5,
            0x11838, 0x11838, 6, 0x11839, 0x1183A, 5, 0x1183B, 0x1183B, 24, 0x118A0, 0x118BF, 0, 0x118C0, 0x118DF, 1, 0x118E0, 0x118E9, 8,
            0x118EA, 0x118F2, 10, 0x118FF, 0x11906, 4, 0x11909, 0x11909, 4, 0x1190C, 0x11913, 4, 0x11915, 0x11916, 4, 0x11918, 0x1192F, 4,
            0x11930, 0x11935, 6, 0x11937, 0x11938, 6, 0x1193B, 0x1193C, 5, 0x1193D, 0x1193D, 6, 0x1193E, 0x1193E, 5, 0x1193F, 0x1193F, 4,
            0x11940, 0x11940, 6, 0x11941, 0x11941, 4, 0x11942, 0x11942, 6, 0x11943, 0x11943, 5, 0x11944, 0x11946, 24, 0x11950, 0x11959, 8,
            0x119A0, 0x119A7, 4, 0x119AA, 0x119D0, 4, 0x119D1, 0x119D3, 6, 0x119D4, 0x119D7, 5, 0x119DA, 0x119DB, 5, 0x119DC, 0x119DF, 6,
            0x119E0, 0x119E0, 5, 0x119E1, 0x119E1, 4, 0x119E2, 0x119E2, 24, 0x119E3, 0x119E3, 4, 0x119E4, 0x119E4, 6, 0x11A00, 0x11A00, 4,
            0x11A01, 0x11A0A, 5, 0x11A0B, 0x11A32, 4, 0x11A33, 0x11A38, 5, 0x11A39, 0x11A39, 6, 0x11A3A, 0x11A3A, 4, 0x11A3B, 0x11A3E, 5,
            0x11A3F, 0x11A46, 24, 0x11A47, 0x11A47, 5, 0x11A50, 0x11A50, 4, 0x11A51, 0x11A56, 5, 0x11A57, 0x11A58, 6, 0x11A59, 0x11A5B, 5,
            0x11A5C, 0x11A89, 4, 0x11A8A, 0x11A96, 5, 0x11A97, 0x11A97, 6, 0x11A98, 0x11A99, 5, 0x11A9A, 0x11A9C, 24, 0x11A9D, 0x11A9D, 4,
            0x11A9E, 0x11AA2, 24, 0x11AB0, 0x11AF8, 4, 0x11B00, 0x11B09, 24, 0x11B0A, 0x11B0A, 4, 0x11B60, 0x11B60, 5, 0x11B61, 0x11B61, 6,
            0x11B62, 0x11B64, 5, 0x11B65, 0x11B65, 6, 0x11B66, 0x11B66, 5, 0x11B67, 0x11B67, 6, 0x11BC0, 0x11BE0, 4, 0x11BE1, 0x11BE1, 24,
            0x11BF0, 0x11BF9, 8, 0x11C00, 0x11C08, 4, 0x11C0A, 0x11C2E, 4, 0x11C2F, 0x11C2F, 6, 0x11C30, 0x11C36, 5, 0x11C38, 0x11C3D, 5,
            0x11C3E, 0x11C3E, 6, 0x11C3F, 0x11C3F, 5, 0x11C40, 0x11C40, 4, 0x11C41, 0x11C45, 24, 0x11C50, 0x11C59, 8, 0x11C5A, 0x11C6C, 10,
            0x11C70, 0x11C71, 24, 0x11C72, 0x11C8F, 4, 0x11C92, 0x11CA7, 5, 0x11CA9, 0x11CA9, 6, 0x11CAA, 0x11CB0, 5, 0x11CB1, 0x11CB1, 6,
            0x11CB2, 0x11CB3, 5, 0x11CB4, 0x11CB4, 6, 0x11CB5, 0x11CB6, 5, 0x11D00, 0x11D06, 4, 0x11D08, 0x11D09, 4, 0x11D0B, 0x11D30, 4,
            0x11D31, 0x11D36, 5, 0x11D3A, 0x11D3A, 5, 0x11D3C, 0x11D3D, 5, 0x11D3F, 0x11D45, 5, 0x11D46, 0x11D46, 4, 0x11D47, 0x11D47, 5,
            0x11D50, 0x11D59, 8, 0x11D60, 0x11D65, 4, 0x11D67, 0x11D68, 4, 0x11D6A, 0x11D89, 4, 0x11D8A, 0x11D8E, 6, 0x11D90, 0x11D91, 5,
            0x11D93, 0x11D94, 6, 0x11D95, 0x11D95, 5, 0x11D96, 0x11D96, 6, 0x11D97, 0x11D97, 5, 0x11D98, 0x11D98, 4, 0x11DA0, 0x11DA9, 8,
            0x11DB0, 0x11DD8, 4, 0x11DD9, 0x11DD9, 3, 0x11DDA, 0x11DDB, 4, 0x11DE0, 0x11DE9, 8, 0x11DF0, 0x11DF0, 5, 0x11DF1, 0x11DF1, 4,
            0x11EE0, 0x11EF2, 4, 0x11EF3, 0x11EF4, 5, 0x11EF5, 0x11EF6, 6, 0x11EF7, 0x11EF8, 24, 0x11F00, 0x11F01, 5, 0x11F02, 0x11F02, 4,
            0x11F03, 0x11F03, 6, 0x11F04, 0x11F10, 4, 0x11F12, 0x11F33, 4, 0x11F34, 0x11F35, 6, 0x11F36, 0x11F3A, 5, 0x11F3E, 0x11F3F, 6,
            0x11F40, 0x11F40, 5, 0x11F41, 0x11F41, 6, 0x11F42, 0x11F42, 5, 0x11F43, 0x11F4F, 24, 0x11F50, 0x11F59, 8, 0x11F5A, 0x11F5A, 5,
            0x11FB0, 0x11FB0, 4, 0x11FC0, 0x11FD4, 10, 0x11FD5, 0x11FDC, 28, 0x11FDD, 0x11FE0, 26, 0x11FE1, 0x11FF1, 28, 0x11FFF, 0x11FFF, 24,
            0x12000, 0x12399, 4, 0x12400, 0x1246F, 9, 0x12470, 0x12474, 24, 0x12475, 0x1247F, 9, 0x12480, 0x12543, 4, 0x12550, 0x12686, 9,
            0x12F90, 0x12FF0, 4, 0x12FF1, 0x12FF2, 24, 0x13000, 0x1342F, 4, 0x13430, 0x1343F, 15, 0x13440, 0x13440, 5, 0x13441, 0x13446, 4,
            0x13447, 0x13455, 5, 0x13460, 0x143FA, 4, 0x14400, 0x14646, 4, 0x16100, 0x1611D, 4, 0x1611E, 0x16129, 5, 0x1612A, 0x1612C, 6,
            0x1612D, 0x1612F, 5, 0x16130, 0x16139, 8, 0x16800, 0x16A38, 4, 0x16A40, 0x16A5E, 4, 0x16A60, 0x16A69, 8, 0x16A6E, 0x16A6F, 24,
            0x16A70, 0x16ABE, 4, 0x16AC0, 0x16AC9, 8, 0x16AD0, 0x16AED, 4, 0x16AF0, 0x16AF4, 5, 0x16AF5, 0x16AF5, 24, 0x16B00, 0x16B2F, 4,
            0x16B30, 0x16B36, 5, 0x16B37, 0x16B3B, 24, 0x16B3C, 0x16B3F, 28, 0x16B40, 0x16B43, 3, 0x16B44, 0x16B44, 24, 0x16B45, 0x16B45, 28,
            0x16B50, 0x16B59, 8, 0x16B5B, 0x16B61, 10, 0x16B63, 0x16B77, 4, 0x16B7D, 0x16B8F, 4, 0x16D40, 0x16D42, 3, 0x16D43, 0x16D6A, 4,
            0x16D6B, 0x16D6C, 3, 0x16D6D, 0x16D6F, 24, 0x16D70, 0x16D79, 8, 0x16E40, 0x16E5F, 0, 0x16E60, 0x16E7F, 1, 0x16E80, 0x16E96, 10,
            0x16E97, 0x16E9A, 24, 0x16EA0, 0x16EB8, 0, 0x16EBB, 0x16ED3, 1, 0x16F00, 0x16F4A, 4, 0x16F4F, 0x16F4F, 5, 0x16F50, 0x16F50, 4,
            0x16F51, 0x16F87, 6, 0x16F8F, 0x16F92, 5, 0x16F93, 0x16F9F, 3, 0x16FE0, 0x16FE1, 3, 0x16FE2, 0x16FE2, 24, 0x16FE3, 0x16FE3, 3,
            0x16FE4, 0x16FE4, 5, 0x16FF0, 0x16FF1, 6, 0x16FF2, 0x16FF3, 3, 0x16FF4, 0x16FF6, 9, 0x17000, 0x18CDA, 4, 0x18CFF, 0x18D20, 4,
            0x18D80, 0x18DF2, 4, 0x18E00, 0x19191, 4, 0x191A0, 0x191D2, 4, 0x1AFF0, 0x1AFF3, 3, 0x1AFF5, 0x1AFFB, 3, 0x1AFFD, 0x1AFFE, 3,
            0x1B000, 0x1B128, 4, 0x1B132, 0x1B132, 4, 0x1B150, 0x1B152, 4, 0x1B155, 0x1B155, 4, 0x1B164, 0x1B168, 4, 0x1B170, 0x1B2FB, 4,
            0x1BC00, 0x1BC6A, 4, 0x1BC70, 0x1BC7C, 4, 0x1BC80, 0x1BC88, 4, 0x1BC90, 0x1BC99, 4, 0x1BC9C, 0x1BC9C, 28, 0x1BC9D, 0x1BC9E, 5,
            0x1BC9F, 0x1BC9F, 24, 0x1BCA0, 0x1BCA3, 15, 0x1CC00, 0x1CCEF, 28, 0x1CCF0, 0x1CCF9, 8, 0x1CCFA, 0x1CCFC, 28, 0x1CD00, 0x1CEB3, 28,
            0x1CEBA, 0x1CED0, 28, 0x1CED2, 0x1CED4, 28, 0x1CEDD, 0x1CEDF, 25, 0x1CEE0, 0x1CEEF, 28, 0x1CEF0, 0x1CEFD, 25, 0x1CF00, 0x1CF2D, 5,
            0x1CF30, 0x1CF46, 5, 0x1CF50, 0x1CFC3, 28, 0x1D000, 0x1D0F5, 28, 0x1D100, 0x1D126, 28, 0x1D127, 0x1D128, 5, 0x1D129, 0x1D164, 28,
            0x1D165, 0x1D166, 6, 0x1D167, 0x1D169, 5, 0x1D16A, 0x1D16C, 28, 0x1D16D, 0x1D172, 6, 0x1D173, 0x1D17A, 15, 0x1D17B, 0x1D182, 5,
            0x1D183, 0x1D184, 28, 0x1D185, 0x1D18B, 5, 0x1D18C, 0x1D1A9, 28, 0x1D1AA, 0x1D1AD, 5, 0x1D1AE, 0x1D241, 28, 0x1D242, 0x1D244, 5,
            0x1D245, 0x1D245, 28, 0x1D250, 0x1D252, 6, 0x1D253, 0x1D25A, 28, 0x1D25B, 0x1D25C, 5, 0x1D25D, 0x1D25E, 28, 0x1D25F, 0x1D25F, 6,
            0x1D260, 0x1D27F, 28, 0x1D280, 0x1D281, 6, 0x1D2C0, 0x1D2D3, 10, 0x1D2E0, 0x1D2F3, 10, 0x1D300, 0x1D356, 28, 0x1D360, 0x1D378, 10,
            0x1D400, 0x1D419, 0, 0x1D41A, 0x1D433, 1, 0x1D434, 0x1D44D, 0, 0x1D44E, 0x1D454, 1, 0x1D456, 0x1D467, 1, 0x1D468, 0x1D481, 0,
            0x1D482, 0x1D49B, 1, 0x1D49C, 0x1D49C, 0, 0x1D49E, 0x1D49F, 0, 0x1D4A2, 0x1D4A2, 0, 0x1D4A5, 0x1D4A6, 0, 0x1D4A9, 0x1D4AC, 0,
            0x1D4AE, 0x1D4B5, 0, 0x1D4B6, 0x1D4B9, 1, 0x1D4BB, 0x1D4BB, 1, 0x1D4BD, 0x1D4C3, 1, 0x1D4C5, 0x1D4CF, 1, 0x1D4D0, 0x1D4E9, 0,
            0x1D4EA, 0x1D503, 1, 0x1D504, 0x1D505, 0, 0x1D507, 0x1D50A, 0, 0x1D50D, 0x1D514, 0, 0x1D516, 0x1D51C, 0, 0x1D51E, 0x1D537, 1,
            0x1D538, 0x1D539, 0, 0x1D53B, 0x1D53E, 0, 0x1D540, 0x1D544, 0, 0x1D546, 0x1D546, 0, 0x1D54A, 0x1D550, 0, 0x1D552, 0x1D56B, 1,
            0x1D56C, 0x1D585, 0, 0x1D586, 0x1D59F, 1, 0x1D5A0, 0x1D5B9, 0, 0x1D5BA, 0x1D5D3, 1, 0x1D5D4, 0x1D5ED, 0, 0x1D5EE, 0x1D607, 1,
            0x1D608, 0x1D621, 0, 0x1D622, 0x1D63B, 1, 0x1D63C, 0x1D655, 0, 0x1D656, 0x1D66F, 1, 0x1D670, 0x1D689, 0, 0x1D68A, 0x1D6A6, 1,
            0x1D6A8, 0x1D6C0, 0, 0x1D6C1, 0x1D6C1, 25, 0x1D6C2, 0x1D6DA, 1, 0x1D6DB, 0x1D6DB, 25, 0x1D6DC, 0x1D6E1, 1, 0x1D6E2, 0x1D6FA, 0,
            0x1D6FB, 0x1D6FB, 25, 0x1D6FC, 0x1D714, 1, 0x1D715, 0x1D715, 25, 0x1D716, 0x1D71B, 1, 0x1D71C, 0x1D734, 0, 0x1D735, 0x1D735, 25,
            0x1D736, 0x1D74E, 1, 0x1D74F, 0x1D74F, 25, 0x1D750, 0x1D755, 1, 0x1D756, 0x1D76E, 0, 0x1D76F, 0x1D76F, 25, 0x1D770, 0x1D788, 1,
            0x1D789, 0x1D789, 25, 0x1D78A, 0x1D78F, 1, 0x1D790, 0x1D7A8, 0, 0x1D7A9, 0x1D7A9, 25, 0x1D7AA, 0x1D7C2, 1, 0x1D7C3, 0x1D7C3, 25,
            0x1D7C4, 0x1D7C9, 1, 0x1D7CA, 0x1D7CA, 0, 0x1D7CB, 0x1D7CB, 1, 0x1D7CE, 0x1D7FF, 8, 0x1D800, 0x1D9FF, 28, 0x1DA00, 0x1DA36, 5,
            0x1DA37, 0x1DA3A, 28, 0x1DA3B, 0x1DA6C, 5, 0x1DA6D, 0x1DA74, 28, 0x1DA75, 0x1DA75, 5, 0x1DA76, 0x1DA83, 28, 0x1DA84, 0x1DA84, 5,
            0x1DA85, 0x1DA86, 28, 0x1DA87, 0x1DA8B, 24, 0x1DA9B, 0x1DA9F, 5, 0x1DAA1, 0x1DAAF, 5, 0x1DB00, 0x1DB1C, 25, 0x1DF00, 0x1DF09, 1,
            0x1DF0A, 0x1DF0A, 4, 0x1DF0B, 0x1DF3F, 1, 0x1DF40, 0x1DF40, 0, 0x1DF41, 0x1DF47, 1, 0x1DF48, 0x1DF48, 0, 0x1DF49, 0x1DF49, 1,
            0x1DF4A, 0x1DF4A, 0, 0x1DF4B, 0x1DF4C, 1, 0x1DF4D, 0x1DF4D, 0, 0x1DF4E, 0x1DF50, 1, 0x1DF51, 0x1DF51, 0, 0x1DF52, 0x1DF67, 1,
            0x1DF68, 0x1DF68, 0, 0x1DF69, 0x1DF69, 1, 0x1DF6A, 0x1DF6A, 0, 0x1DF6B, 0x1DF6B, 1, 0x1DF6C, 0x1DF6C, 0, 0x1DF6D, 0x1DF6D, 1,
            0x1DF6E, 0x1DF6E, 0, 0x1DF6F, 0x1DF71, 1, 0x1DF72, 0x1DF72, 0, 0x1DF73, 0x1DF73, 1, 0x1DF74, 0x1DF74, 0, 0x1DF75, 0x1DF75, 1,
            0x1DF76, 0x1DF76, 0, 0x1DF77, 0x1DF77, 1, 0x1DF78, 0x1DF78, 0, 0x1DF79, 0x1DF79, 1, 0x1DF7A, 0x1DF7A, 0, 0x1DF7B, 0x1DF7B, 1,
            0x1DF7C, 0x1DF7C, 0, 0x1DF7D, 0x1DF7D, 1, 0x1DF7E, 0x1DF7E, 0, 0x1DF7F, 0x1DF7F, 1, 0x1DF80, 0x1DF81, 4, 0x1DF90, 0x1DF96, 1,
            0x1DFCD, 0x1DFFF, 3, 0x1E000, 0x1E006, 5, 0x1E008, 0x1E018, 5, 0x1E01B, 0x1E021, 5, 0x1E023, 0x1E024, 5, 0x1E026, 0x1E02A, 5,
            0x1E030, 0x1E06D, 3, 0x1E08F, 0x1E08F, 5, 0x1E100, 0x1E12C, 4, 0x1E130, 0x1E136, 5, 0x1E137, 0x1E13D, 3, 0x1E140, 0x1E149, 8,
            0x1E14E, 0x1E14E, 4, 0x1E14F, 0x1E14F, 28, 0x1E290, 0x1E2AD, 4, 0x1E2AE, 0x1E2AE, 5, 0x1E2C0, 0x1E2EB, 4, 0x1E2EC, 0x1E2EF, 5,
            0x1E2F0, 0x1E2F9, 8, 0x1E2FF, 0x1E2FF, 26, 0x1E4D0, 0x1E4EA, 4, 0x1E4EB, 0x1E4EB, 3, 0x1E4EC, 0x1E4EF, 5, 0x1E4F0, 0x1E4F9, 8,
            0x1E5D0, 0x1E5ED, 4, 0x1E5EE, 0x1E5EF, 5, 0x1E5F0, 0x1E5F0, 4, 0x1E5F1, 0x1E5FA, 8, 0x1E5FF, 0x1E5FF, 24, 0x1E6C0, 0x1E6DE, 4,
            0x1E6E0, 0x1E6E2, 4, 0x1E6E3, 0x1E6E3, 5, 0x1E6E4, 0x1E6E5, 4, 0x1E6E6, 0x1E6E6, 5, 0x1E6E7, 0x1E6ED, 4, 0x1E6EE, 0x1E6EF, 5,
            0x1E6F0, 0x1E6F4, 4, 0x1E6F5, 0x1E6F5, 5, 0x1E6FE, 0x1E6FE, 4, 0x1E6FF, 0x1E6FF, 3, 0x1E7E0, 0x1E7E6, 4, 0x1E7E8, 0x1E7EB, 4,
            0x1E7ED, 0x1E7EE, 4, 0x1E7F0, 0x1E7FE, 4, 0x1E800, 0x1E8C4, 4, 0x1E8C7, 0x1E8CF, 10, 0x1E8D0, 0x1E8D6, 5, 0x1E900, 0x1E921, 0,
            0x1E922, 0x1E943, 1, 0x1E944, 0x1E94A, 5, 0x1E94B, 0x1E94B, 3, 0x1E950, 0x1E959, 8, 0x1E95E, 0x1E95F, 24, 0x1EC71, 0x1ECAB, 10,
            0x1ECAC, 0x1ECAC, 28, 0x1ECAD, 0x1ECAF, 10, 0x1ECB0, 0x1ECB0, 26, 0x1ECB1, 0x1ECB4, 10, 0x1ED01, 0x1ED2D, 10, 0x1ED2E, 0x1ED2E, 28,
            0x1ED2F, 0x1ED3D, 10, 0x1EE00, 0x1EE03, 4, 0x1EE05, 0x1EE1F, 4, 0x1EE21, 0x1EE22, 4, 0x1EE24, 0x1EE24, 4, 0x1EE27, 0x1EE27, 4,
            0x1EE29, 0x1EE32, 4, 0x1EE34, 0x1EE37, 4, 0x1EE39, 0x1EE39, 4, 0x1EE3B, 0x1EE3B, 4, 0x1EE42, 0x1EE42, 4, 0x1EE47, 0x1EE47, 4,
            0x1EE49, 0x1EE49, 4, 0x1EE4B, 0x1EE4B, 4, 0x1EE4D, 0x1EE4F, 4, 0x1EE51, 0x1EE52, 4, 0x1EE54, 0x1EE54, 4, 0x1EE57, 0x1EE57, 4,
            0x1EE59, 0x1EE59, 4, 0x1EE5B, 0x1EE5B, 4, 0x1EE5D, 0x1EE5D, 4, 0x1EE5F, 0x1EE5F, 4, 0x1EE61, 0x1EE62, 4, 0x1EE64, 0x1EE64, 4,
            0x1EE67, 0x1EE6A, 4, 0x1EE6C, 0x1EE72, 4, 0x1EE74, 0x1EE77, 4, 0x1EE79, 0x1EE7C, 4, 0x1EE7E, 0x1EE7E, 4, 0x1EE80, 0x1EE89, 4,
            0x1EE8B, 0x1EE9B, 4, 0x1EEA1, 0x1EEA3, 4, 0x1EEA5, 0x1EEA9, 4, 0x1EEAB, 0x1EEBB, 4, 0x1EEF0, 0x1EEF1, 25, 0x1F000, 0x1F02B, 28,
            0x1F030, 0x1F093, 28, 0x1F0A0, 0x1F0AE, 28, 0x1F0B1, 0x1F0BF, 28, 0x1F0C1, 0x1F0CF, 28, 0x1F0D1, 0x1F0F5, 28, 0x1F100, 0x1F10C, 10,
            0x1F10D, 0x1F1AE, 28, 0x1F1E6, 0x1F202, 28, 0x1F210, 0x1F23B, 28, 0x1F240, 0x1F248, 28, 0x1F250, 0x1F251, 28, 0x1F260, 0x1F265, 28,
            0x1F300, 0x1F3FA, 28, 0x1F3FB, 0x1F3FF, 27, 0x1F400, 0x1F6D9, 28, 0x1F6DC, 0x1F6EC, 28, 0x1F6F0, 0x1F6FC, 28, 0x1F700, 0x1F7DB, 28,
            0x1F7E0, 0x1F7EB, 28, 0x1F7F0, 0x1F80B, 28, 0x1F810, 0x1F847, 28, 0x1F850, 0x1F859, 28, 0x1F860, 0x1F887, 28, 0x1F890, 0x1F8AD, 28,
            0x1F8B0, 0x1F8BB, 28, 0x1F8C0, 0x1F8C1, 28, 0x1F8D0, 0x1F8D8, 25, 0x1F900, 0x1FA57, 28, 0x1FA60, 0x1FA6D, 28, 0x1FA70, 0x1FA7C, 28,
            0x1FA80, 0x1FAC6, 28, 0x1FAC8, 0x1FAC8, 28, 0x1FACC, 0x1FADD, 28, 0x1FADF, 0x1FAEB, 28, 0x1FAEF, 0x1FAFA, 28, 0x1FB00, 0x1FB92, 28,
            0x1FB94, 0x1FBEF, 28, 0x1FBF0, 0x1FBF9, 8, 0x1FBFA, 0x1FBFA, 28, 0x20000, 0x2A6DF, 4, 0x2A700, 0x2B81E, 4, 0x2B820, 0x2CEAD, 4,
            0x2CEB0, 0x2EBE0, 4, 0x2EBF0, 0x2EE5D, 4, 0x2F800, 0x2FA1D, 4, 0x30000, 0x3134A, 4, 0x31350, 0x33479, 4, 0x3D000, 0x3FC3F, 4,
            0xE0001, 0xE0001, 15, 0xE0020, 0xE007F, 15, 0xE0100, 0xE01EF, 5, 0xF0000, 0xFFFFD, 17, 0x100000, 0x10FFFD, 17,
        };

        /// <summary>White_Space (PropList) — inclusive ranges, sorted, as (first, last) pairs.</summary>
        internal static readonly int[] WhiteSpace =
        {
            0x0009, 0x000D, 0x0020, 0x0020, 0x0085, 0x0085, 0x00A0, 0x00A0,
            0x1680, 0x1680, 0x2000, 0x200A, 0x2028, 0x2029, 0x202F, 0x202F,
            0x205F, 0x205F, 0x3000, 0x3000,
        };

        /// <summary>Vowel-sign sequences the USE specification forbids — flattened (first, second, third or 0), sorted by first; a dotted circle goes before the last one.</summary>
        internal static readonly int[] VowelConstraints =
        {
            0x0905, 0x093A, 0x0000, 0x0905, 0x093B, 0x0000, 0x0905, 0x093E, 0x0000, 0x0905, 0x0945, 0x0000,
            0x0905, 0x0946, 0x0000, 0x0905, 0x0949, 0x0000, 0x0905, 0x094A, 0x0000, 0x0905, 0x094B, 0x0000,
            0x0905, 0x094C, 0x0000, 0x0905, 0x094F, 0x0000, 0x0905, 0x0956, 0x0000, 0x0905, 0x0957, 0x0000,
            0x0906, 0x093A, 0x0000, 0x0906, 0x0945, 0x0000, 0x0906, 0x0946, 0x0000, 0x0906, 0x0947, 0x0000,
            0x0906, 0x0948, 0x0000, 0x0909, 0x0941, 0x0000, 0x090F, 0x0945, 0x0000, 0x090F, 0x0946, 0x0000,
            0x090F, 0x0947, 0x0000, 0x0930, 0x094D, 0x0907, 0x0985, 0x09BE, 0x0000, 0x098B, 0x09C3, 0x0000,
            0x098C, 0x09E2, 0x0000, 0x0A05, 0x0A3E, 0x0000, 0x0A05, 0x0A48, 0x0000, 0x0A05, 0x0A4C, 0x0000,
            0x0A72, 0x0A3F, 0x0000, 0x0A72, 0x0A40, 0x0000, 0x0A72, 0x0A47, 0x0000, 0x0A73, 0x0A41, 0x0000,
            0x0A73, 0x0A42, 0x0000, 0x0A73, 0x0A4B, 0x0000, 0x0A85, 0x0ABE, 0x0000, 0x0A85, 0x0AC5, 0x0000,
            0x0A85, 0x0AC7, 0x0000, 0x0A85, 0x0AC8, 0x0000, 0x0A85, 0x0AC9, 0x0000, 0x0A85, 0x0ACB, 0x0000,
            0x0A85, 0x0ACC, 0x0000, 0x0AC5, 0x0ABE, 0x0000, 0x0B05, 0x0B3E, 0x0000, 0x0B0F, 0x0B57, 0x0000,
            0x0B13, 0x0B57, 0x0000, 0x0B85, 0x0BC2, 0x0000, 0x0C12, 0x0C4C, 0x0000, 0x0C12, 0x0C55, 0x0000,
            0x0C3F, 0x0C55, 0x0000, 0x0C46, 0x0C55, 0x0000, 0x0C4A, 0x0C55, 0x0000, 0x0C89, 0x0CBE, 0x0000,
            0x0C8B, 0x0CBE, 0x0000, 0x0C92, 0x0CCC, 0x0000, 0x0D07, 0x0D57, 0x0000, 0x0D09, 0x0D57, 0x0000,
            0x0D0E, 0x0D46, 0x0000, 0x0D12, 0x0D3E, 0x0000, 0x0D12, 0x0D57, 0x0000, 0x0D85, 0x0DCF, 0x0000,
            0x0D85, 0x0DD0, 0x0000, 0x0D85, 0x0DD1, 0x0000, 0x0D8B, 0x0DDF, 0x0000, 0x0D8D, 0x0DD8, 0x0000,
            0x0D8F, 0x0DDF, 0x0000, 0x0D91, 0x0DCA, 0x0000, 0x0D91, 0x0DD9, 0x0000, 0x0D91, 0x0DDA, 0x0000,
            0x0D91, 0x0DDC, 0x0000, 0x0D91, 0x0DDD, 0x0000, 0x0D91, 0x0DDE, 0x0000, 0x0D94, 0x0DDF, 0x0000,
            0x11005, 0x11038, 0x0000, 0x1100B, 0x1103E, 0x0000, 0x1100F, 0x11042, 0x0000, 0x11200, 0x1122C, 0x0000,
            0x11200, 0x11231, 0x0000, 0x11200, 0x11233, 0x0000, 0x11206, 0x1122C, 0x0000, 0x1122C, 0x11230, 0x0000,
            0x1122C, 0x11231, 0x0000, 0x11240, 0x1122E, 0x0000, 0x112B0, 0x112E0, 0x0000, 0x112B0, 0x112E5, 0x0000,
            0x112B0, 0x112E6, 0x0000, 0x112B0, 0x112E7, 0x0000, 0x112B0, 0x112E8, 0x0000, 0x11481, 0x114B0, 0x0000,
            0x1148B, 0x114BA, 0x0000, 0x1148D, 0x114BA, 0x0000, 0x114AA, 0x114B5, 0x0000, 0x114AA, 0x114B6, 0x0000,
            0x11600, 0x11639, 0x0000, 0x11600, 0x1163A, 0x0000, 0x11601, 0x11639, 0x0000, 0x11601, 0x1163A, 0x0000,
            0x11680, 0x116AD, 0x0000, 0x11680, 0x116B4, 0x0000, 0x11680, 0x116B5, 0x0000, 0x11686, 0x116B2, 0x0000,
        };
    }
}
